title,artist,category_text,url,paragraphs_checked,match_found,match_last_line,match_paragraph_snippet,youtube_covers_recent
Ai yo Koi yo Suiheisen de FLASH!!,Aki Misato,Shinryaku!? Ika Musume Season 2 (anime),https://animelyricsaz.com/anime/shinryaku-ika-musume-2nd-season/ai-yo-koi-yo-suiheisen-de-flash/894-13252,34,True,kimi wa mujaki na aozora,kimi wa mujaki na aozora,
Aozora,Lia,Air (anime),https://animelyricsaz.com/anime/air/aozora/28-2825,16,True,Hitomi wo tojireba futto ano hi no aozora.,Hitomi wo tojireba futto ano hi no aozora.,
BEAUTIFUL BEAST,DEVIL NO ID,Baki (ONA) (anime),https://animelyricsaz.com/anime/baki-ona/beautiful-beast/3541-38154,105,True,Misaseru aozora,Misaseru aozora,
BRAND NEW BLUE,Ryota Oosaka,Daiya no A ~Second Season~ (anime),https://animelyricsaz.com/anime/daiya-no-a-second-season/brand-new-blue/1503-23643,33,True,Wasuremono nado nai sa aozora,Wasuremono nado nai sa aozora,
chocolate insomnia,Horie Yui,Monogatari Series Second Season (anime),https://animelyricsaz.com/anime/monogatari-series-second-season/chocolate-insomnia/671-6982,26,True,Kumo hitotsu nai hajimete no aozora,Kumo hitotsu nai hajimete no aozora,
Colorful Days,Eri Kitamura,Working!! (anime),https://animelyricsaz.com/anime/working/colorful-days/1056-43940,56,True,Sunda aozora,Sunda aozora,
Endless Soul ~Owarinaki Senshi~,Aya Endo,Ikkitousen Xtreme Xecutor (anime),https://animelyricsaz.com/anime/ikkitousen-xtreme-xecutor/endless-soul-owarinaki-senshi/459-2940,33,True,fuku kaze sora o kakenukete kumo o saki nozoku aozora,fuku kaze sora o kakenukete kumo o saki nozoku aozora,
Everybody Can Do!,TOKIO,Kochikame (anime),https://animelyricsaz.com/anime/kochikame/everybody-can-do/1826-23708,48,True,Sore demo te wo nobaseba aozora,Sore demo te wo nobaseba aozora,
Faint Love,Megumi Hayashibara,Asagiri no Miko (anime),https://animelyricsaz.com/anime/asagiri-no-miko/faint-love/60-9606,53,True,Hirogaru aozora,Hirogaru aozora,
go to Romance>>>>>,Luce Twinkle Wink☆,Urara Meirocho (anime),https://animelyricsaz.com/anime/urara-meirocho/go-to-romance/2601-29006,48,True,Ikidzumattara aozora,Ikidzumattara aozora,
Greed,Knock Out Monkey,Meitantei Conan (anime),https://animelyricsaz.com/anime/meitantei-conan/greed/653-16571,39,True,Oh! kutsu wa kikae setting tsuki nuku aozora,Oh! kutsu wa kikae setting tsuki nuku aozora,
Green Leaves,Takada Yuuki,New Game!! (anime),https://animelyricsaz.com/anime/new-game-2nd/green-leaves/2892-32214,24,True,Kawaranai aozora,Kawaranai aozora,
HAPPY CRAZY BOX,Minami Kuribayashi,Medaka Box (anime),https://animelyricsaz.com/anime/medaka-box/happy-crazy-box/649-4460,34,True,Egaita tobira akete mireba mugen no aozora,Egaita tobira akete mireba mugen no aozora,
HAPPY CRAZY BOX(TV size),Minami Kuribayashi,Medaka Box (anime),https://animelyricsaz.com/anime/medaka-box/happy-crazy-box-tv-size/649-4461,12,True,Egaita tobira akete mireba mugen no aozora,Egaita tobira akete mireba mugen no aozora,
Haroo Merou (Hello Mellow),Annabel,Koi to Senkyo to Chocolate (anime),https://animelyricsaz.com/anime/koi-to-senkyo-to-chocolate/haroo-merou-hello-mellow/556-8965,22,True,Nanige naku miageta aozora,Nanige naku miageta aozora,
HIKARI,ELISA,Nabari no Ou (anime),https://animelyricsaz.com/anime/nabari-no-ou/hikari/689-5609,33,True,Nagareru kumo soshite hirogaru aozora,Nagareru kumo soshite hirogaru aozora,
HIKARI(TV size),ELISA,Nabari no Ou (anime),https://animelyricsaz.com/anime/nabari-no-ou/hikari-tv-size/689-9492,12,True,Nagareru kumo soshite hirogaru aozora,Nagareru kumo soshite hirogaru aozora,
Idol Katsudou! On Parade ver.(TV size),Mio(BEST FRIENDS!),Aikatsu on Parade! (anime),https://animelyricsaz.com/anime/aikatsu-on-parade/idol-katsudou-on-parade-ver-tv-size/4374-42678,53,True,Massugu aozora,Massugu aozora,
Imperfect,Masayoshi Oishi,SSSS.DYNAZENON (anime),https://animelyricsaz.com/anime/ssss-dynazenon/imperfect/5384-49489,44,True,Miagereba aozora,Miagereba aozora,
Kimi to Onaji Aozora,Matsuzawa Yumi,Saint Seiya: The Hades Chapter (anime),https://animelyricsaz.com/anime/saint-seiya/kimi-to-onaji-aozora/825-2661,40,True,kimi to onaji aozora,kimi to onaji aozora,
Kokutō Drop,Chiwa Saito,Hanamaru Yōchien (anime),https://animelyricsaz.com/anime/hanamaru-youchien/kokutou-drop/2768-29971,15,True,ima mo kawaranai aozora,ima mo kawaranai aozora,
Love is Changing,Hikaru Nishida,Flame of Recca (anime),https://animelyricsaz.com/anime/flame-of-recca/love-is-changing/288-9770,25,True,Taiyou sae mo shizumanai aozora,Taiyou sae mo shizumanai aozora,
Love is Changing(TV size),Hikaru Nishida,Flame of Recca (anime),https://animelyricsaz.com/anime/flame-of-recca/love-is-changing-tv-size/288-9769,10,True,Taiyou sae mo shizumanai aozora,Taiyou sae mo shizumanai aozora,
Michishirube -Ayuki Mari version-,Asano Masumi,Kashimashi ~Girl Meets Girl~ (anime),https://animelyricsaz.com/anime/kashimashi-girl-meets-girl/michishirube-ayuki-mari-version/517-27793,14,True,Dokomademo tsudzuku aozora,Dokomademo tsudzuku aozora,
Mighty Body,AA-CHINO,You're Under Arrest: Full Throttle (anime),https://animelyricsaz.com/anime/you-re-under-arrest-full-throttle/mighty-body/1076-568,40,True,Nootenki na aozora,Nootenki na aozora,
Natsu no Kioku,Kiyoura Natsumi,Sketchbook ~full color'S~ (anime),https://animelyricsaz.com/anime/sketchbook-full-color-s/natsu-no-kioku/906-4742,45,True,tooku nobiru aozora,tooku nobiru aozora,
No Rain No Rainbow,HOME MADE KAZOKU,Naruto Shippûden (anime),https://animelyricsaz.com/anime/naruto-shippuden/no-rain-no-rainbow/696-1429,69,True,miageta kumoma ni aozora,miageta kumoma ni aozora,
Parallel=,Sashida Fumiya,Bakuman. 2 (anime),https://animelyricsaz.com/anime/bakuman-2nd-season/parallel/83-1135,56,True,Furonto garasu no aozora,Furonto garasu no aozora,
Shiki no Uta,MINMI,Samurai Champloo (anime),https://animelyricsaz.com/anime/samurai-champloo/shiki-no-uta/1186-15557,32,True,tooisugita aozora,tooisugita aozora,
Singing Wheel,Megu Sakuragawa,Rail Romanesque (anime),https://animelyricsaz.com/anime/rail-romanesque/singing-wheel/5168-48257,44,True,Saki ni mieta aozora,Saki ni mieta aozora,
Staccato Days,Asumi Kana,Yama no susume (anime),https://animelyricsaz.com/anime/yama-no-susume/staccato-days/1063-566,47,True,Oide temaneku aozora,Oide temaneku aozora,
Time Machine,Shintani Ryouko,Lamune (anime),https://animelyricsaz.com/anime/lamune/time-machine/583-20651,31,True,Nukeru you na aozora,Nukeru you na aozora,
Toki o Koete,TWO-MIX,Engage Planet Kissdum (anime),https://animelyricsaz.com/anime/engage-planet-kissdum/toki-o-koete/273-12507,35,True,Itsuka mita ano aozora,Itsuka mita ano aozora,
Toki o Koete(TV size),TWO-MIX,Engage Planet Kissdum (anime),https://animelyricsaz.com/anime/engage-planet-kissdum/toki-o-koete-tv-size/273-12506,12,True,Itsuka mita ano aozora,Itsuka mita ano aozora,
Tu Tu Tu!,Liella!,Love Live! Superstar!! (anime),https://animelyricsaz.com/anime/love-live-superstar/tu-tu-tu/5366-52919,33,True,Haru no nioi ni natsu no aozora,Haru no nioi ni natsu no aozora,
VS,Porno Graffitti,Mix: Meisei Story (anime),https://animelyricsaz.com/anime/mix-meisei-story/vs/4118-41627,26,True,Haruka bakari mita ano hi no aozora,Haruka bakari mita ano hi no aozora,
VS(TV size),Porno Graffitti,Mix (anime),https://animelyricsaz.com/anime/mix-meisei-story/vs-tv-size/4117-41626,12,True,Haruka bakari mita ano hi no aozora,Haruka bakari mita ano hi no aozora,
Yakusoku no Asu e,Root five,Saint Seiya: Soul of Gold (anime),https://animelyricsaz.com/anime/saint-seiya-soul-of-gold/yakusoku-no-asu-e/1514-19927,26,True,Minna issho ni nekoro nde aogu takaku sunda aozora,Minna issho ni nekoro nde aogu takaku sunda aozora,
Yume wa Tooi keredo,Youichirou Yoshikawa,"Iria, Zeiram the Animation (anime)",https://animelyricsaz.com/anime/iria-zeiram-the-animation/yume-wa-tooi-keredo/476-3065,28,True,Kimi no soba de mita aozora,Kimi no soba de mita aozora,
Yuuki no tsubasa,Ishida Yoko,Strike Witches: Road to Berlin (anime),https://animelyricsaz.com/anime/dai-501-togo-sento-koku-dan-strike-witches-road-to-berlin/yuuki-no-tsubasa/5082-47565,45,True,Sumiwataru aozora,Sumiwataru aozora,
24-7 no Blues,BEGIN,,https://animelyricsaz.com/artist/begin/24-7-no-blues/195-46937,35,True,Miwataseba aozora,Miwataseba aozora,
360° surround,Yuko Ando,,https://animelyricsaz.com/artist/yuko-ando/360-surround/1941-21132,33,True,Oh~ hora yubisasu hou aozora,Oh~ hora yubisasu hou aozora,
Adam no Kakugo,Aqua Timez,,https://animelyricsaz.com/artist/aqua-timez/adam-no-kakugo/127-16700,19,True,Namida gumu aozora,Namida gumu aozora,
Ai no sonzai,AKB48,,https://animelyricsaz.com/artist/akb48/ai-no-sonzai/58-19425,30,True,Yatto ame mo yande kumo hitotsu nai aozora,Yatto ame mo yande kumo hitotsu nai aozora,
allegretto ~Sora to Kimi~,KOTOKO,,https://animelyricsaz.com/artist/kotoko/allegretto-sora-to-kimi/831-12795,36,True,Aozora,Aozora,
Ame nochi kumori nochi hare...,Megumi Hayashibara,,https://animelyricsaz.com/artist/megumi-hayashibara/ame-nochi-kumori-nochi-hare/1022-49204,58,True,Harewataru aozora,Harewataru aozora,
Ano koro ni okaeri,Nogizaka46,,https://animelyricsaz.com/artist/nogizaka46/ano-koro-ni-okaeri/1220-59487,35,True,Nanimo kawaranu aozora,Nanimo kawaranu aozora,
Aogeba aozora,Hata Motohiro,,https://animelyricsaz.com/artist/hata-motohiro/aogeba-aozora/488-40155,30,True,Aogeba aozora,Aogeba aozora,
Aoi Jeep de,KOTOKO,,https://animelyricsaz.com/artist/kotoko/aoi-jeep-de/831-12799,54,True,Aozora...,Aozora...,
aozora,YUKI,,https://animelyricsaz.com/artist/yuki/aozora/1936-28591,41,True,Kokoro ni aozora,Kokoro ni aozora,
AoZora kaisei♪♪。,HAZZIE→,,https://animelyricsaz.com/artist/hazzie/aozora-kaisei/2504-41664,81,True,Kumo hitotsu nai aozora,Kumo hitotsu nai aozora,
Arch,KOTOKO,,https://animelyricsaz.com/artist/kotoko/arch/831-15516,35,True,Nan oku no mizutamari utsusu aozora,Nan oku no mizutamari utsusu aozora,
Are you ready now?,ARASHI,,https://animelyricsaz.com/artist/arashi/are-you-ready-now/128-23680,23,True,Mabushi sugiru taiyou azayaka tsukinuketeku aozora,Mabushi sugiru taiyou azayaka tsukinuketeku aozora,
ATMOSPHERE,FLOW,,https://animelyricsaz.com/artist/flow/atmosphere/389-7095,20,True,Sonna omoi ga tsunoru hodo mabushii aozora,Sonna omoi ga tsunoru hodo mabushii aozora,
Ato 100 miles,Thinking Dogs,,https://animelyricsaz.com/artist/thinking-dogs/ato-100-miles/2449-20722,63,True,Oh! Oh! Suberiochiru aozora,Oh! Oh! Suberiochiru aozora,
Before Dawn,KinKi Kids,,https://animelyricsaz.com/artist/kinki-kids/before-dawn/2220-57148,54,True,Kawaranai aozora,Kawaranai aozora,
Better is the Best,Momoiro Clover Z,,https://animelyricsaz.com/artist/momoiro-clover-z/better-is-the-best/1119-10734,60,True,Koronde miageta aozora,Koronde miageta aozora,
Bianca,Sayonara Ponytail,,https://animelyricsaz.com/artist/sayonara-ponytail/bianca/1457-10712,25,True,Yume kara samete hitori aozora,Yume kara samete hitori aozora,
BIISAN wa naze naku naru no ka?,HKT48,,https://animelyricsaz.com/artist/hkt48/biisan-wa-naze-naku-naru-no-ka/566-53894,38,True,Natsu ga kuru kehai wa kinou yori mabushi aozora,Natsu ga kuru kehai wa kinou yori mabushi aozora,
Boku wa yatto kimi wo shinpai dekiru,HKT48,,https://animelyricsaz.com/artist/hkt48/boku-wa-yatto-kimi-wo-shinpai-dekiru/566-59084,66,True,GARASU no mado no shikakui aozora,GARASU no mado no shikakui aozora,
Bon Voyage,E-Girls (Japanese group),,https://animelyricsaz.com/artist/e-girls/bon-voyage/334-27218,33,True,Fly to your dream hajimari wa itsu datte harewataru aozora,Fly to your dream hajimari wa itsu datte harewataru aozora,
Cherish,Liyuu,,https://animelyricsaz.com/artist/liyuu/cherish/4690-47793,27,True,MAKARON-iro no fuku to SUIITSU to aozora,MAKARON-iro no fuku to SUIITSU to aozora,
Crying,Kawashima Ai,,https://animelyricsaz.com/artist/kawashima-ai/crying/2487-55856,22,True,Kodomo no you ni senaka marume shagamikonde mita aozora,Kodomo no you ni senaka marume shagamikonde mita aozora,
Fly to the Freedom,Do as Infinity,,https://animelyricsaz.com/artist/do-as-infinity/fly-to-the-freedom/324-32820,34,True,Toikakeru aozora,Toikakeru aozora,
Hanadoki no sora,Tokino Sora,,https://animelyricsaz.com/artist/tokino-sora/hanadoki-no-sora/5633-52962,32,True,Miwatashita hitomi ni utsuru aozora,Miwatashita hitomi ni utsuru aozora,
Happiness Peace,Momo Asakura,,https://animelyricsaz.com/artist/momo-asakura/happiness-peace/1117-39672,40,True,Soko wa kumo hitotsu nai aozora,Soko wa kumo hitotsu nai aozora,
Happy Merry-go-Round!,Ohashi Ayaka,,https://animelyricsaz.com/artist/ohashi-ayaka/happy-merry-go-round/1240-31686,75,True,Bikkuri gyouten aozora,Bikkuri gyouten aozora,
Haruzora,Naniwa Danshi,,https://animelyricsaz.com/artist/naniwa-danshi/haruzora/6863-55864,40,True,Tooku hanarete mo aozora,Tooku hanarete mo aozora,
Hatsukoi,Hata Motohiro,,https://animelyricsaz.com/artist/hata-motohiro/hatsukoi/488-11851,25,True,Kanashii hodo azayaka na aozora,Kanashii hodo azayaka na aozora,
Hatsuzora,Suara,,https://animelyricsaz.com/artist/suara/hatsuzora/1583-22366,20,True,Kimi to hajimete miru aozora,Kimi to hajimete miru aozora,
Himawari,MINMI,,https://animelyricsaz.com/artist/minmi/himawari/1082-15579,65,True,Hey Now donna ame demo itsuka yameba hirogaru aozora,Hey Now donna ame demo itsuka yameba hirogaru aozora,
Hirari,Ohara Sakurako,"Let's Go, Jets! (drama)",https://animelyricsaz.com/drama/let-s-go-jets/hirari/2572-28793,29,True,Kimi ga miteru onaji aozora,Kimi ga miteru onaji aozora,
HOMETOWN,Shounannokaze,,https://animelyricsaz.com/artist/shounannokaze/hometown/2039-25636,67,True,Hirogaru aoi umi aozora,Hirogaru aoi umi aozora,
Hontou no egao,yozuca＊,,https://animelyricsaz.com/artist/yozuca/hontou-no-egao/1917-41790,24,True,Ima boku wa mitsuketa yo kumo hitotsu nai aozora,Ima boku wa mitsuketa yo kumo hitotsu nai aozora,
Hurry up!!,Little Glee Monster,,https://animelyricsaz.com/artist/little-glee-monster/hurry-up/2483-52025,55,True,Kumo no sukima kara nozoku aozora,Kumo no sukima kara nozoku aozora,
Ikutabi no sakura,Fukui Mai,,https://animelyricsaz.com/artist/fukui-mai/ikutabi-no-sakura/2062-16689,23,True,Omowazu miageta kozue to aozora,Omowazu miageta kozue to aozora,
Ikutsuka no sora,Shibasaki Kou,,https://animelyricsaz.com/artist/shibasaki-kou/ikutsuka-no-sora/2095-34297,47,True,Sorezore no aozora,Sorezore no aozora,
Innocence ~satsuriku no souseiki shihen saishuushou yori~,Yui Sakakibara,,https://animelyricsaz.com/artist/yui-sakakibara/innocence-satsuriku-no-souseiki-shihen-saishuushou-yori/1923-10378,31,True,#(shimobe-tachi ga tsukamu aozora,#(shimobe-tachi ga tsukamu aozora,
Itsu datte aozora,Minori Chihara,,https://animelyricsaz.com/artist/minori-chihara/itsu-datte-aozora/1083-52055,28,True,Nichiyou no gogo wa itsu datte aozora,Nichiyou no gogo wa itsu datte aozora,
Itsumademo♡dokomademo -Ho? version-,Horie Yui,,https://animelyricsaz.com/artist/horie-yui/itsumademo-dokomademo-ho-version/570-23223,32,True,Mado wo akereba soto wa aozora,Mado wo akereba soto wa aozora,
JUMP!,Dream Ami,,https://animelyricsaz.com/artist/dream-ami/jump/2595-26655,36,True,Kitto miagereba hora aozora,Kitto miagereba hora aozora,
Just Do It,Adachi Kana,,https://animelyricsaz.com/artist/adachi-kana/just-do-it/3865-44875,58,True,Miageru'n da kono aozora,Miageru'n da kono aozora,
Kanaeru kanata,Liyuu,,https://animelyricsaz.com/artist/liyuu/kanaeru-kanata/4690-57960,85,True,Konna aozora,Konna aozora,
Kaze Hana Dayori,Do as Infinity,Hanayome Noren (drama),https://animelyricsaz.com/drama/hanayome-noren/kaze-hana-dayori/3066-32805,45,True,Hana hirari mau aozora,Hana hirari mau aozora,
Kikoete kuru no wa kimi no koe,Riho Iida,,https://animelyricsaz.com/artist/riho-iida/kikoete-kuru-no-wa-kimi-no-koe/1359-37793,42,True,Mabushii kurai kagayaiteru aozora,Mabushii kurai kagayaiteru aozora,
Kin-iro nohara,Aoi Teshima,,https://animelyricsaz.com/artist/aoi-teshima/kin-iro-nohara/2172-27964,29,True,Asu wa kitto aozora,Asu wa kitto aozora,
Kioku no utsuwa,Angela Aki,,https://animelyricsaz.com/artist/angela-aki/kioku-no-utsuwa/107-58384,25,True,Ano saka ya ano komichi anata to nagameta aozora,Ano saka ya ano komichi anata to nagameta aozora,
Koi no senshi,Haruna Luna,,https://animelyricsaz.com/artist/luna-haruna/koi-no-senshi/905-38456,47,True,Kumo hitotsunai aozora,Kumo hitotsunai aozora,
Koko kara,Kanae Ito,,https://animelyricsaz.com/artist/kanae-ito/koko-kara/705-46688,46,True,Miageta aozora,Miageta aozora,
Kokoro kara i love u,Koda Kumi,,https://animelyricsaz.com/artist/koda-kumi/kokoro-kara-i-love-u/804-37549,37,True,dokomademo tsuzuku aozora,dokomademo tsuzuku aozora,
Kokoro no Sougen,Hitomi (singer),,https://animelyricsaz.com/artist/hitomi-singer/kokoro-no-sougen/558-30683,30,True,Itsumo mune ni egaiteta aozora,Itsumo mune ni egaiteta aozora,
Kokoro no Tabibito,Hitomi (singer),,https://animelyricsaz.com/artist/hitomi-singer/kokoro-no-tabibito/558-30684,30,True,Itsumo mune ni egaiteta aozora,Itsumo mune ni egaiteta aozora,
Kurari no uta,Inori Minase,,https://animelyricsaz.com/artist/inori-minase/kurari-no-uta/616-57046,26,True,Hiroku takai aozora,Hiroku takai aozora,
Laundry Laundry,SCANDAL,,https://animelyricsaz.com/artist/scandal/laundry-laundry/1462-44364,44,True,Watashi wo marugoto mushi shita mitai na aozora,Watashi wo marugoto mushi shita mitai na aozora,
Let It Snow,Yasuda Rei,,https://animelyricsaz.com/artist/yasuda-rei/let-it-snow/1875-7744,32,True,BASU ni yurare nozoku machi shikakkei no aozora,BASU ni yurare nozoku machi shikakkei no aozora,
Life is beautiful,Miss Monday,,https://animelyricsaz.com/artist/miss-monday/life-is-beautiful/2937-43393,75,True,Miwataseba aozora,Miwataseba aozora,
little wing -clear blue sky-,Kase Aina,,https://animelyricsaz.com/artist/kase-aina/little-win--clear-blue-sky/3703-34311,32,True,Sumiwataru aozora,Sumiwataru aozora,
Machigaccha inai.,Johnny's WEST,,https://animelyricsaz.com/artist/johnny-s-west/machigaccha-inai/2752-46136,45,True,Oshiete kinjo no aozora,Oshiete kinjo no aozora,
Mahalo,miwa,,https://animelyricsaz.com/artist/miwa/mahalo/1103-57096,42,True,Hiroi aozora,Hiroi aozora,
Megalopolis Alice,ALI PROJECT,,https://animelyricsaz.com/artist/ali-project/megalopolis-alice/85-8385,41,True,Yande yuku aozora,Yande yuku aozora,
Memoria,GFRIEND,,https://animelyricsaz.com/artist/gfriend/memoria/4041-38122,62,True,Kono te wo aozora,Kono te wo aozora,
Mezameru Dake,SASUKE,,https://animelyricsaz.com/artist/sasuke/mezameru-dake/4497-46628,24,True,kumo no nai aozora,kumo no nai aozora,
Momo-iro Daybreak,≠ME(=LOVE),,https://animelyricsaz.com/artist/me/momo-iro-daybreak/4578-54858,54,True,Owatta machi ni wa mienai aozora,Owatta machi ni wa mienai aozora,
"Naita aka oni, warau aozora",Sangatsu no Phantasia,,https://animelyricsaz.com/artist/sangatsu-no-phantasia/naita-aka-oni-warau-aozora/2825-28287,38,True,Naita aka oni warau aozora,Naita aka oni warau aozora,
Nana-iro no keshiki,Marika Kouno,,https://animelyricsaz.com/artist/marika-kouno/nana-iro-no-keshiki/3033-36332,39,True,Senaka wo oshite kureta aozora,Senaka wo oshite kureta aozora,
Natsu no maboroshi,Kiyokiba Shunsuke,,https://animelyricsaz.com/artist/kiyokiba-shunsuke/natsu-no-maboroshi/2037-21367,20,True,Yosete wa kaesu nami no niwa chiisana tori ga mau aozora,Yosete wa kaesu nami no niwa chiisana tori ga mau aozora,
Natsukashii machi,Aoi Teshima,,https://animelyricsaz.com/artist/aoi-teshima/natsukashii-machi/2172-27975,15,True,Kawaru mono kawaranu mono miorosu aozora,Kawaru mono kawaranu mono miorosu aozora,
Natsukoi,Inoue Sonoko,,https://animelyricsaz.com/artist/inoue-sonoko/natsukoi/2573-25370,42,True,Taiyou ga noboru manatsu no aozora,Taiyou ga noboru manatsu no aozora,
Natsukoi,KOTOKO,,https://animelyricsaz.com/artist/kotoko/natsukoi/831-36969,41,True,Hashiridasu senaka osu aozora,Hashiridasu senaka osu aozora,
Niji no hajimaru basho,azusa,,https://animelyricsaz.com/artist/azusa/niji-no-hajimaru-basho/173-8667,15,True,Soredemo denwa goshi todokete kureta aozora,Soredemo denwa goshi todokete kureta aozora,
No.1,Asaka,,https://animelyricsaz.com/artist/asaka/no-1/2968-56468,42,True,Mugen ni hirogaru kumo hitotsu nai aozora,Mugen ni hirogaru kumo hitotsu nai aozora,
Open Happiness,Monkey Majik,,https://animelyricsaz.com/artist/monkey-majik/open-happiness/1121-35320,81,True,Tsukinukeru aozora,Tsukinukeru aozora,
Remizera!,solfa,World Election (game),https://animelyricsaz.com/game/world-election/remizera-full-ver/3084-33004,62,True,Tameiki tsuku aozora,Tameiki tsuku aozora,
"Rise Up feat. SOIL&""PIMP""SESSIONS",Miura Daichi,,https://animelyricsaz.com/artist/miura-daichi/rise-up-feat-soil-pimp-sessions/1101-29140,52,True,PORAROIDO no aozora,PORAROIDO no aozora,
Road,Tohoshinki / Dong Bang Shin Ki / TVXQ,,https://animelyricsaz.com/artist/tohoshinki/road/1737-37229,28,True,Ashi wo tomete miageta no wa sumikitta aozora,Ashi wo tomete miageta no wa sumikitta aozora,
Saigo ni Ice Milk wo nonda no wa itsu darou?,AKB48 Team Surprise,,https://animelyricsaz.com/artist/akb48-team-surprise/saigo-ni-ice-milk-wo-nonda-no-wa-itsu-darou/2139-18753,30,True,Nukeru you na aozora,Nukeru you na aozora,
Sansei kawaii!,SKE48,,https://animelyricsaz.com/artist/ske48/sansei-kawaii/1547-6384,65,True,Jump! Jump! Aozora,Jump! Jump! Aozora,
Satsuki Ame,Remioromen,,https://animelyricsaz.com/artist/remioromen/satsuki-ame/5400-52548,33,True,Miageta no wa aozora aozora,Miageta no wa aozora aozora,
Serendipity,Kimura Kaela,,https://animelyricsaz.com/artist/kimura-kaela/serendipity/777-41613,43,True,hirogatteku kokoro ni aozora,hirogatteku kokoro ni aozora,
Shalala! Yareru hazusa,Kobushi Factory,,https://animelyricsaz.com/artist/kobushi-factory/shalala-yareru-hazusa/2691-30536,36,True,Kataru wa seishun mezasu wa aozora,Kataru wa seishun mezasu wa aozora,
Shunkashuutou,Hilcrhyme,,https://animelyricsaz.com/artist/hilcrhyme/shunkashuutou/2528-21686,51,True,Saa kyou wa doko ikou ka? hora ano oka no mukou gawa made tsudzuku aozora,Saa kyou wa doko ikou ka? hora ano oka no mukou gawa made tsudzuku aozora,
So long!,AKB48,,https://animelyricsaz.com/artist/akb48/so-long/58-4337,53,True,Me no mae ni hirogaru aozora,Me no mae ni hirogaru aozora,
Sonic Boom,Lead,,https://animelyricsaz.com/artist/lead/sonic-boom/878-51240,60,True,Te wo nobaseba kumo no mukou wa itsumo aozora,Te wo nobaseba kumo no mukou wa itsumo aozora,
Summer Introduction,Tanabe Rui,Tenkahyakken -Zan- (game),https://animelyricsaz.com/game/tenkahyakken-zan/summer-introduction/4100-50732,34,True,Sawayaka na sudachi no kaori no you na aozora,Sawayaka na sudachi no kaori no you na aozora,
Sun Shower,Do as Infinity,,https://animelyricsaz.com/artist/do-as-infinity/sun-shower/324-32932,33,True,Mizutamari ni utsuru aozora,Mizutamari ni utsuru aozora,
SUNNY,Adachi Kana,,https://animelyricsaz.com/artist/adachi-kana/sunny/3865-51334,39,True,Yume ippai ni hirogaru aozora,Yume ippai ni hirogaru aozora,
Taiyou to Ekubo,Momoiro Clover Z,,https://animelyricsaz.com/artist/momoiro-clover-z/taiyou-to-ekubo/1119-10772,26,True,Mabuta ni ochita hikari no shawaa me zameta aozora,Mabuta ni ochita hikari no shawaa me zameta aozora,
Tapioka Milky Tea,The World Standard / Wa-suta,,https://animelyricsaz.com/artist/wa-suta/tapioka-milky-tea/3348-36713,49,True,Amai tapioka MIRUKU TII to manatsu no aozora,Amai tapioka MIRUKU TII to manatsu no aozora,
Tegami,TOKIO,,https://animelyricsaz.com/artist/tokio/tegami/1738-23749,28,True,Chiisana kodomo no me ni utsuru aozora,Chiisana kodomo no me ni utsuru aozora,
Thinking time,NMB48,,https://animelyricsaz.com/artist/nmb48/thinking-time/1208-35552,36,True,Kiritorareta aozora,Kiritorareta aozora,
Tokimeki no ashiato,SKE48,,https://animelyricsaz.com/artist/ske48/tokimeki-no-ashiato/1547-6350,37,True,Kyun to shichau aozora,Kyun to shichau aozora,
Toraware no Mirage,Erabareshi,,https://animelyricsaz.com/artist/erabareshi/toraware-no-mirage/2905-39451,58,True,Hontou no kokoro wo utsusu aozora,Hontou no kokoro wo utsusu aozora,
Very! Very! COCOnatsu,Mira-Cra Park!,Link! Like! Love Live! (game),https://animelyricsaz.com/game/link-like-love-live/very-very-coconatsu/6446-59865,59,True,Very! Kaisei sora wa aozora,Very! Kaisei sora wa aozora,
Welcome Rain,AI (singer),,https://animelyricsaz.com/artist/ai-singer/welcome-rain/35-52801,42,True,Ame ga agareba hiroi aozora,Ame ga agareba hiroi aozora,
Yasai sisters,AKB48,,https://animelyricsaz.com/artist/akb48/yasai-sisters/58-4258,46,True,harewatatta aozora,harewatatta aozora,
Yoake no Shooting Star,Megumi Hayashibara,,https://animelyricsaz.com/artist/megumi-hayashibara/yoake-no-shooting-star/1022-49197,29,True,Miete kita aozora......,Miete kita aozora......,
