word,zipf,length,start,direction,path
AND,7.41,3,E5-L2,N+W+IN,E5-L2 -> D4-L3 -> C3-L4
AND,7.41,3,E1-L4,IN,E1-L4 -> E1-L5 -> E1-L6
WAS,6.82,3,C3-L6,S+E,C3-L6 -> D4-L6 -> E5-L6
ARE,6.74,3,B1-L2,S,B1-L2 -> B2-L2 -> B3-L2
ARE,6.74,3,D3-L3,N+W+IN,D3-L3 -> C2-L4 -> B1-L5
ONE,6.47,3,C4-L3,E,C4-L3 -> D4-L3 -> E4-L3
ONE,6.47,3,D1-L5,W,D1-L5 -> C1-L5 -> B1-L5
CAN,6.46,3,B1-L1,IN,B1-L1 -> B1-L2 -> B1-L3
CAN,6.46,3,E5-L1,N+W+IN,E5-L1 -> D4-L2 -> C3-L3
WHO,6.34,3,C3-L6,N,C3-L6 -> C2-L6 -> C1-L6
HAD,6.33,3,C2-L2,S+E+IN,C2-L2 -> D3-L3 -> E4-L4
NEW,6.25,3,A1-L4,S+E+IN,A1-L4 -> B2-L5 -> C3-L6
HOW,6.24,3,E2-L2,S,E2-L2 -> E3-L2 -> E4-L2
OUR,6.14,3,F4-L4,S+W+IN,F4-L4 -> E5-L5 -> D6-L6
INTO,6.11,4,C3-L2,S+E+IN,C3-L2 -> D4-L3 -> E5-L4 -> F6-L5
TOO,5.95,3,F6-L4,N,F6-L4 -> F5-L4 -> F4-L4
OFF,5.93,3,F3-L2,IN,F3-L2 -> F3-L3 -> F3-L4
END,5.68,3,C4-L6,E+OUT,C4-L6 -> D4-L5 -> E4-L4
LET,5.60,3,E3-L4,IN,E3-L4 -> E3-L5 -> E3-L6
TOP,5.57,3,D6-L4,E+IN,D6-L4 -> E6-L5 -> F6-L6
TOP,5.57,3,F6-L4,IN,F6-L4 -> F6-L5 -> F6-L6
YET,5.54,3,C6-L6,W+OUT,C6-L6 -> B6-L5 -> A6-L4
FAR,5.50,3,F3-L3,N,F3-L3 -> F2-L3 -> F1-L3
TRY,5.50,3,E6-L6,W,E6-L6 -> D6-L6 -> C6-L6
RUN,5.49,3,B6-L1,N+E+IN,B6-L1 -> C5-L2 -> D4-L3
RUN,5.49,3,E6-L4,N+IN,E6-L4 -> E5-L5 -> E4-L6
WAR,5.46,3,E4-L2,N+W+IN,E4-L2 -> D3-L3 -> C2-L4
CAR,5.45,3,E5-L1,W,E5-L1 -> D5-L1 -> C5-L1
CAR,5.45,3,E6-L1,IN,E6-L1 -> E6-L2 -> E6-L3
AGO,5.42,3,D3-L3,IN,D3-L3 -> D3-L4 -> D3-L5
WIN,5.39,3,C3-L1,IN,C3-L1 -> C3-L2 -> C3-L3
AIR,5.37,3,D4-L2,N+W,D4-L2 -> C3-L2 -> B2-L2
AIR,5.37,3,D4-L4,N+E+OUT,D4-L4 -> E3-L3 -> F2-L2
ASK,5.34,3,D4-L2,S+W+IN,D4-L2 -> C5-L3 -> B6-L4
ASK,5.34,3,D4-L4,S+W,D4-L4 -> C5-L4 -> B6-L4
SAW,5.34,3,E5-L6,N+W,E5-L6 -> D4-L6 -> C3-L6
LOW,5.33,3,E3-L4,W+IN,E3-L4 -> D3-L5 -> C3-L6
FIRE,5.30,4,A4-L3,N+IN,A4-L3 -> A3-L4 -> A2-L5 -> A1-L6
ACT,5.30,3,D4-L2,S+E+IN,D4-L2 -> E5-L3 -> F6-L4
ACT,5.30,3,E5-L2,IN,E5-L2 -> E5-L3 -> E5-L4
ACT,5.30,3,D4-L4,S,D4-L4 -> D5-L4 -> D6-L4
ART,5.29,3,D5-L1,W,D5-L1 -> C5-L1 -> B5-L1
ART,5.29,3,F6-L2,W+IN,F6-L2 -> E6-L3 -> D6-L4
NON,5.29,3,C1-L5,E,C1-L5 -> D1-L5 -> E1-L5
NON,5.29,3,E1-L5,W,E1-L5 -> D1-L5 -> C1-L5
NON,5.29,3,D2-L5,S,D2-L5 -> D3-L5 -> D4-L5
NON,5.29,3,D4-L5,N,D4-L5 -> D3-L5 -> D2-L5
SON,5.28,3,C5-L3,N,C5-L3 -> C4-L3 -> C3-L3
SELF,5.25,4,A1-L1,S+IN,A1-L1 -> A2-L2 -> A3-L3 -> A4-L4
REST,5.23,4,B3-L6,S+E,B3-L6 -> C4-L6 -> D5-L6 -> E6-L6
LAND,5.22,4,F6-L1,N+W+IN,F6-L1 -> E5-L2 -> D4-L3 -> C3-L4
LAND,5.22,4,E1-L3,IN,E1-L3 -> E1-L4 -> E1-L5 -> E1-L6
RANGE,5.12,5,F2-L2,IN,F2-L2 -> F2-L3 -> F2-L4 -> F2-L5 -> F2-L6
KEY,5.12,3,C6-L4,IN,C6-L4 -> C6-L5 -> C6-L6
OIL,5.10,3,E3-L2,IN,E3-L2 -> E3-L3 -> E3-L4
OIL,5.10,3,C4-L3,S+W+IN,C4-L3 -> B5-L4 -> A6-L5
OIL,5.10,3,C1-L4,S+E,C1-L4 -> D2-L4 -> E3-L4
OIL,5.10,3,C3-L5,N+E+OUT,C3-L5 -> D2-L4 -> E1-L3
KILL,5.09,4,C1-L1,E+IN,C1-L1 -> D1-L2 -> E1-L3 -> F1-L4
TEN,5.05,3,B5-L6,N+E,B5-L6 -> C4-L6 -> D3-L6
ROCK,5.03,4,B6-L1,IN,B6-L1 -> B6-L2 -> B6-L3 -> B6-L4
ASS,5.00,3,C5-L6,E,C5-L6 -> D5-L6 -> E5-L6
SAN,4.97,3,D5-L6,N,D5-L6 -> D4-L6 -> D3-L6
BAR,4.94,3,D5-L2,N,D5-L2 -> D4-L2 -> D3-L2
NONE,4.93,4,E1-L5,W,E1-L5 -> D1-L5 -> C1-L5 -> B1-L5
SHIP,4.93,4,B2-L6,E,B2-L6 -> C2-L6 -> D2-L6 -> E2-L6
CASH,4.92,4,E5-L3,W,E5-L3 -> D5-L3 -> C5-L3 -> B5-L3
FOOT,4.87,4,F3-L4,S,F3-L4 -> F4-L4 -> F5-L4 -> F6-L4
RAN,4.87,3,F2-L2,IN,F2-L2 -> F2-L3 -> F2-L4
RAN,4.87,3,D6-L6,N+W,D6-L6 -> C5-L6 -> B4-L6
WIND,4.84,4,C3-L1,IN,C3-L1 -> C3-L2 -> C3-L3 -> C3-L4
LIE,4.84,3,E1-L3,S+IN,E1-L3 -> E2-L4 -> E3-L5
BUS,4.83,3,D5-L2,W,D5-L2 -> C5-L2 -> B5-L2
ROSE,4.82,4,D3-L2,S+W,D3-L2 -> C4-L2 -> B5-L2 -> A6-L2
BAG,4.79,3,D4-L1,S,D4-L1 -> D5-L1 -> D6-L1
NOR,4.78,3,C3-L3,S+OUT,C3-L3 -> C4-L2 -> C5-L1
NOR,4.78,3,E4-L6,N+W+OUT,E4-L6 -> D3-L5 -> C2-L4
ONTO,4.77,4,B6-L2,E+IN,B6-L2 -> C6-L3 -> D6-L4 -> E6-L5
INC,4.77,3,D6-L3,W,D6-L3 -> C6-L3 -> B6-L3
NET,4.76,3,D3-L6,S+W,D3-L6 -> C4-L6 -> B5-L6
ROLL,4.75,4,F5-L3,IN,F5-L3 -> F5-L4 -> F5-L5 -> F5-L6
AID,4.75,3,B3-L3,E+OUT,B3-L3 -> C3-L2 -> D3-L1
AID,4.75,3,E1-L4,S+W,E1-L4 -> D2-L4 -> C3-L4
AID,4.75,3,C5-L6,N+OUT,C5-L6 -> C4-L5 -> C3-L4
LEE,4.73,3,A6-L5,E,A6-L5 -> B6-L5 -> C6-L5
PRINCE,4.72,6,F6-L3,W,F6-L3 -> E6-L3 -> D6-L3 -> C6-L3 -> B6-L3 -> A6-L3
ILL,4.72,3,D1-L2,E+IN,D1-L2 -> E1-L3 -> F1-L4
ILL,4.72,3,C5-L5,N+W+OUT,C5-L5 -> B4-L4 -> A3-L3
RAIN,4.71,4,C5-L1,N+E+IN,C5-L1 -> D4-L2 -> E3-L3 -> F2-L4
BEN,4.69,3,A3-L1,E+IN,A3-L1 -> B3-L2 -> C3-L3
RAY,4.69,3,E6-L4,W+IN,E6-L4 -> D6-L5 -> C6-L6
FLOW,4.68,4,F3-L3,W+IN,F3-L3 -> E3-L4 -> D3-L5 -> C3-L6
ERA,4.67,3,B3-L2,N,B3-L2 -> B2-L2 -> B1-L2
ERA,4.67,3,B1-L5,S+E+OUT,B1-L5 -> C2-L4 -> D3-L3
LEG,4.66,3,A3-L3,N+IN,A3-L3 -> A2-L4 -> A1-L5
LEG,4.66,3,F5-L6,N+W+OUT,F5-L6 -> E4-L5 -> D3-L4
SUB,4.66,3,B5-L2,E,B5-L2 -> C5-L2 -> D5-L2
COOK,4.65,4,C4-L1,IN,C4-L1 -> C4-L2 -> C4-L3 -> C4-L4
TASK,4.65,4,E3-L1,S+W+IN,E3-L1 -> D4-L2 -> C5-L3 -> B6-L4
SAM,4.64,3,A1-L1,E+IN,A1-L1 -> B1-L2 -> C1-L3
SAM,4.64,3,E4-L1,S+W,E4-L1 -> D5-L1 -> C6-L1
SAT,4.64,3,C5-L3,N+E+OUT,C5-L3 -> D4-L2 -> E3-L1
SAT,4.64,3,D5-L6,W,D5-L6 -> C5-L6 -> B5-L6
SHIRT,4.63,5,B5-L2,IN,B5-L2 -> B5-L3 -> B5-L4 -> B5-L5 -> B5-L6
BOB,4.63,3,D4-L1,W+IN,D4-L1 -> C4-L2 -> B4-L3
BOB,4.63,3,B4-L3,E+OUT,B4-L3 -> C4-L2 -> D4-L1
KIM,4.59,3,C1-L1,IN,C1-L1 -> C1-L2 -> C1-L3
BAN,4.55,3,D4-L1,IN,D4-L1 -> D4-L2 -> D4-L3
RAW,4.53,3,C2-L4,S+E+OUT,C2-L4 -> D3-L3 -> E4-L2
AIM,4.51,3,D3-L3,N+OUT,D3-L3 -> D2-L2 -> D1-L1
FED,4.51,3,A4-L3,N+OUT,A4-L3 -> A3-L2 -> A2-L1
TIE,4.51,3,A6-L4,N+IN,A6-L4 -> A5-L5 -> A4-L6
TIM,4.51,3,E3-L1,N+W+IN,E3-L1 -> D2-L2 -> C1-L3
RID,4.50,3,D1-L3,S+OUT,D1-L3 -> D2-L2 -> D3-L1
DNA,4.49,3,C3-L4,S+E+OUT,C3-L4 -> D4-L3 -> E5-L2
DNA,4.49,3,E1-L6,OUT,E1-L6 -> E1-L5 -> E1-L4
EARN,4.48,4,A2-L2,E+IN,A2-L2 -> B2-L3 -> C2-L4 -> D2-L5
RAPE,4.48,4,B2-L2,IN,B2-L2 -> B2-L3 -> B2-L4 -> B2-L5
BONE,4.47,4,B4-L3,E,B4-L3 -> C4-L3 -> D4-L3 -> E4-L3
GAP,4.47,3,D6-L1,E+IN,D6-L1 -> E6-L2 -> F6-L3
CEO,4.46,3,D5-L4,N+E+OUT,D5-L4 -> E4-L3 -> F3-L2
HIP,4.46,3,C2-L6,E,C2-L6 -> D2-L6 -> E2-L6
EAR,4.43,3,A2-L2,E+IN,A2-L2 -> B2-L3 -> C2-L4
KIT,4.42,3,C4-L4,S+W,C4-L4 -> B5-L4 -> A6-L4
MIN,4.42,3,D1-L1,W+IN,D1-L1 -> C1-L2 -> B1-L3
THO,4.41,3,A6-L4,N+E+OUT,A6-L4 -> B5-L3 -> C4-L2
PRAY,4.40,4,F6-L3,W+IN,F6-L3 -> E6-L4 -> D6-L5 -> C6-L6
POT,4.40,3,F6-L6,W+OUT,F6-L6 -> E6-L5 -> D6-L4
POT,4.40,3,F6-L6,OUT,F6-L6 -> F6-L5 -> F6-L4
FEB,4.38,3,F3-L4,S+W+OUT,F3-L4 -> E4-L3 -> D5-L2
PEN,4.38,3,B2-L4,S+IN,B2-L4 -> B3-L5 -> B4-L6
NOV,4.37,3,C3-L3,S+W+OUT,C3-L3 -> B4-L2 -> A5-L1
NOV,4.37,3,D3-L6,W+OUT,D3-L6 -> C3-L5 -> B3-L4
WOLF,4.35,4,C3-L6,E+OUT,C3-L6 -> D3-L5 -> E3-L4 -> F3-L3
ANN,4.35,3,B2-L3,S+E,B2-L3 -> C3-L3 -> D4-L3
OCT,4.35,3,C6-L2,W+IN,C6-L2 -> B6-L3 -> A6-L4
RIO,4.35,3,D1-L3,S+IN,D1-L3 -> D2-L4 -> D3-L5
RIO,4.35,3,F1-L3,S+W+IN,F1-L3 -> E2-L4 -> D3-L5
RIO,4.35,3,E6-L4,W+OUT,E6-L4 -> D6-L3 -> C6-L2
RIO,4.35,3,B5-L5,N+E,B5-L5 -> C4-L5 -> D3-L5
ATE,4.34,3,D4-L6,N+E,D4-L6 -> E3-L6 -> F2-L6
TEEN,4.33,4,A2-L6,S,A2-L6 -> A3-L6 -> A4-L6 -> A5-L6
AUG,4.33,3,B1-L2,S+E+IN,B1-L2 -> C2-L3 -> D3-L4
GEN,4.33,3,D3-L4,E+IN,D3-L4 -> E3-L5 -> F3-L6
GEN,4.33,3,A1-L5,E,A1-L5 -> B1-L5 -> C1-L5
GEN,4.33,3,F2-L5,S+W,F2-L5 -> E3-L5 -> D4-L5
IAN,4.32,3,C3-L2,N+W+IN,C3-L2 -> B2-L3 -> A1-L4
IAN,4.32,3,E3-L3,W,E3-L3 -> D3-L3 -> C3-L3
IAN,4.32,3,D6-L3,N,D6-L3 -> D5-L3 -> D4-L3
ALI,4.31,3,D3-L3,E+IN,D3-L3 -> E3-L4 -> F3-L5
SEC,4.31,3,A2-L3,S+E+OUT,A2-L3 -> B3-L2 -> C4-L1
DRAG,4.29,4,D3-L1,IN,D3-L1 -> D3-L2 -> D3-L3 -> D3-L4
CNN,4.28,3,E5-L3,N+W,E5-L3 -> D4-L3 -> C3-L3
CNN,4.28,3,D5-L4,N+IN,D5-L4 -> D4-L5 -> D3-L6
LAS,4.28,3,E3-L4,S+W,E3-L4 -> D4-L4 -> C5-L4
PIN,4.28,3,E1-L1,S+W+IN,E1-L1 -> D2-L2 -> C3-L3
ORAL,4.26,4,C1-L4,E,C1-L4 -> D1-L4 -> E1-L4 -> F1-L4
LION,4.25,4,E1-L3,S+W+IN,E1-L3 -> D2-L4 -> C3-L5 -> B4-L6
DES,4.25,3,A2-L1,IN,A2-L1 -> A2-L2 -> A2-L3
LEO,4.23,3,F5-L5,N+W,F5-L5 -> E4-L5 -> D3-L5
RON,4.22,3,C5-L1,N+IN,C5-L1 -> C4-L2 -> C3-L3
RON,4.22,3,C2-L4,S+E+IN,C2-L4 -> D3-L5 -> E4-L6
ARC,4.21,3,B3-L3,N+OUT,B3-L3 -> B2-L2 -> B1-L1
BUG,4.20,3,B4-L3,S+E+OUT,B4-L3 -> C5-L2 -> D6-L1
LAP,4.18,3,F6-L1,IN,F6-L1 -> F6-L2 -> F6-L3
OAK,4.18,3,A1-L3,E+OUT,A1-L3 -> B1-L2 -> C1-L1
IDK,4.17,3,B4-L5,N+E+OUT,B4-L5 -> C3-L4 -> D2-L3
RAT,4.17,3,D6-L6,OUT,D6-L6 -> D6-L5 -> D6-L4
VON,4.17,3,A5-L1,N+E+IN,A5-L1 -> B4-L2 -> C3-L3
VON,4.17,3,B3-L4,E+IN,B3-L4 -> C3-L5 -> D3-L6
NEIL,4.16,4,E4-L6,N+OUT,E4-L6 -> E3-L5 -> E2-L4 -> E1-L3
ASH,4.16,3,D5-L3,W,D5-L3 -> C5-L3 -> B5-L3
ION,4.15,3,D2-L4,S+W+IN,D2-L4 -> C3-L5 -> B4-L6
ION,4.15,3,B4-L5,N+E,B4-L5 -> C3-L5 -> D2-L5
PAR,4.15,3,B2-L4,OUT,B2-L4 -> B2-L3 -> B2-L2
CBS,4.14,3,C2-L1,E,C2-L1 -> D2-L1 -> E2-L1
CBS,4.14,3,C4-L1,E,C4-L1 -> D4-L1 -> E4-L1
CBS,4.14,3,E5-L1,W+IN,E5-L1 -> D5-L2 -> C5-L3
IOS,4.12,3,C3-L2,S+IN,C3-L2 -> C4-L3 -> C5-L4
RAP,4.12,3,B2-L2,IN,B2-L2 -> B2-L3 -> B2-L4
REV,4.12,3,B1-L6,S+OUT,B1-L6 -> B2-L5 -> B3-L4
REV,4.12,3,B3-L6,OUT,B3-L6 -> B3-L5 -> B3-L4
EST,4.11,3,C4-L6,S+E,C4-L6 -> D5-L6 -> E6-L6
LES,4.10,3,A3-L3,N+OUT,A3-L3 -> A2-L2 -> A1-L1
LES,4.10,3,E3-L4,S+IN,E3-L4 -> E4-L5 -> E5-L6
LES,4.10,3,B4-L4,N+IN,B4-L4 -> B3-L5 -> B2-L6
ORE,4.10,3,C1-L6,W,C1-L6 -> B1-L6 -> A1-L6
BEE,4.09,3,A6-L1,IN,A6-L1 -> A6-L2 -> A6-L3
INN,4.07,3,C1-L2,W+IN,C1-L2 -> B1-L3 -> A1-L4
LBS,4.06,3,A3-L3,S+E,A3-L3 -> B4-L3 -> C5-L3
BEG,4.05,3,B4-L3,N+OUT,B4-L3 -> B3-L2 -> B2-L1
DOT,4.05,3,C3-L4,E+IN,C3-L4 -> D3-L5 -> E3-L6
AVE,4.04,3,B3-L3,IN,B3-L3 -> B3-L4 -> B3-L5
TIN,4.03,3,D6-L4,N+W+IN,D6-L4 -> C5-L5 -> B4-L6
ABU,4.01,3,D4-L2,S,D4-L2 -> D5-L2 -> D6-L2
ABU,4.01,3,E5-L2,W,E5-L2 -> D5-L2 -> C5-L2
DEN,4.01,3,E4-L4,IN,E4-L4 -> E4-L5 -> E4-L6
PAD,4.01,3,A1-L2,S+E+IN,A1-L2 -> B2-L3 -> C3-L4
NEO,3.99,3,A1-L4,E+IN,A1-L4 -> B1-L5 -> C1-L6
NEO,3.99,3,D2-L5,S+E,D2-L5 -> E3-L5 -> F4-L5
NEO,3.99,3,D4-L5,E,D4-L5 -> E4-L5 -> F4-L5
NEO,3.99,3,D3-L6,S+E+OUT,D3-L6 -> E4-L5 -> F5-L4
PAL,3.99,3,F6-L3,OUT,F6-L3 -> F6-L2 -> F6-L1
CART,3.98,4,E5-L1,W,E5-L1 -> D5-L1 -> C5-L1 -> B5-L1
PEE,3.96,3,A1-L2,S,A1-L2 -> A2-L2 -> A3-L2
CAB,3.95,3,F5-L2,W,F5-L2 -> E5-L2 -> D5-L2
CAB,3.95,3,D5-L4,OUT,D5-L4 -> D5-L3 -> D5-L2
ANAL,3.94,4,D3-L3,W,D3-L3 -> C3-L3 -> B3-L3 -> A3-L3
SCI,3.94,3,B2-L6,E+OUT,B2-L6 -> C2-L5 -> D2-L4
SEP,3.94,3,B2-L6,OUT,B2-L6 -> B2-L5 -> B2-L4
CHAD,3.93,4,B1-L1,S+E+IN,B1-L1 -> C2-L2 -> D3-L3 -> E4-L4
MONK,3.93,4,C6-L1,IN,C6-L1 -> C6-L2 -> C6-L3 -> C6-L4
INS,3.92,3,E3-L3,S+W,E3-L3 -> D4-L3 -> C5-L3
DEF,3.91,3,A2-L1,S+IN,A2-L1 -> A3-L2 -> A4-L3
EPA,3.90,3,B1-L5,S+OUT,B1-L5 -> B2-L4 -> B3-L3
EPA,3.90,3,B2-L5,OUT,B2-L5 -> B2-L4 -> B2-L3
EVA,3.90,3,B3-L5,OUT,B3-L5 -> B3-L4 -> B3-L3
TEL,3.90,3,E3-L6,OUT,E3-L6 -> E3-L5 -> E3-L4
ANA,3.89,3,D4-L2,IN,D4-L2 -> D4-L3 -> D4-L4
ANA,3.89,3,B3-L3,E,B3-L3 -> C3-L3 -> D3-L3
ANA,3.89,3,D3-L3,W,D3-L3 -> C3-L3 -> B3-L3
ANA,3.89,3,D3-L3,S,D3-L3 -> D4-L3 -> D5-L3
ANA,3.89,3,D5-L3,N,D5-L3 -> D4-L3 -> D3-L3
ANA,3.89,3,D4-L4,OUT,D4-L4 -> D4-L3 -> D4-L2
ANA,3.89,3,D4-L4,IN,D4-L4 -> D4-L5 -> D4-L6
ANA,3.89,3,D4-L6,OUT,D4-L6 -> D4-L5 -> D4-L4
FRY,3.89,3,A4-L4,S+E+IN,A4-L4 -> B5-L5 -> C6-L6
LIL,3.88,3,A4-L5,S,A4-L5 -> A5-L5 -> A6-L5
LIL,3.88,3,A6-L5,N,A6-L5 -> A5-L5 -> A4-L5
MIA,3.87,3,D1-L1,S+IN,D1-L1 -> D2-L2 -> D3-L3
WOO,3.87,3,C3-L1,S+W+IN,C3-L1 -> B4-L2 -> A5-L3
WOO,3.87,3,A4-L1,E+IN,A4-L1 -> B4-L2 -> C4-L3
CORAL,3.86,5,B1-L4,E,B1-L4 -> C1-L4 -> D1-L4 -> E1-L4 -> F1-L4
MON,3.86,3,C6-L1,IN,C6-L1 -> C6-L2 -> C6-L3
MON,3.86,3,C1-L3,IN,C1-L3 -> C1-L4 -> C1-L5
RIG,3.86,3,D1-L4,S,D1-L4 -> D2-L4 -> D3-L4
RIM,3.85,3,D1-L3,OUT,D1-L3 -> D1-L2 -> D1-L1
RIM,3.85,3,E2-L3,IN,E2-L3 -> E2-L4 -> E2-L5
DEE,3.84,3,C3-L4,N+W+IN,C3-L4 -> B2-L5 -> A1-L6
DEE,3.84,3,C3-L4,W+IN,C3-L4 -> B3-L5 -> A3-L6
GEL,3.84,3,D3-L4,S+E+IN,D3-L4 -> E4-L5 -> F5-L6
GEL,3.84,3,A1-L5,S+OUT,A1-L5 -> A2-L4 -> A3-L3
IRA,3.84,3,C1-L2,E+IN,C1-L2 -> D1-L3 -> E1-L4
IRA,3.84,3,D2-L2,S,D2-L2 -> D3-L2 -> D4-L2
LIZ,3.83,3,A3-L3,IN,A3-L3 -> A3-L4 -> A3-L5
EDEN,3.82,4,E4-L3,IN,E4-L3 -> E4-L4 -> E4-L5 -> E4-L6
TEE,3.82,3,A6-L4,OUT,A6-L4 -> A6-L3 -> A6-L2
TEE,3.82,3,A2-L6,S,A2-L6 -> A3-L6 -> A4-L6
NSW,3.81,3,C6-L3,N+W+OUT,C6-L3 -> B5-L2 -> A4-L1
LIN,3.80,3,B4-L4,IN,B4-L4 -> B4-L5 -> B4-L6
LIN,3.80,3,A5-L4,IN,A5-L4 -> A5-L5 -> A5-L6
LIN,3.80,3,A4-L5,S+E+OUT,A4-L5 -> B5-L4 -> C6-L3
LIN,3.80,3,F4-L6,N+OUT,F4-L6 -> F3-L5 -> F2-L4
OPS,3.80,3,A1-L3,OUT,A1-L3 -> A1-L2 -> A1-L1
HID,3.79,3,E2-L2,S+IN,E2-L2 -> E3-L3 -> E4-L4
INT,3.79,3,C3-L2,S+E+IN,C3-L2 -> D4-L3 -> E5-L4
RES,3.79,3,A2-L5,OUT,A2-L5 -> A2-L4 -> A2-L3
RES,3.79,3,B3-L6,S+E,B3-L6 -> C4-L6 -> D5-L6
SCAR,3.77,4,F5-L1,W,F5-L1 -> E5-L1 -> D5-L1 -> C5-L1
AAA,3.77,3,D5-L1,N+IN,D5-L1 -> D4-L2 -> D3-L3
AAA,3.77,3,D4-L2,S+E,D4-L2 -> E5-L2 -> F6-L2
AAA,3.77,3,F6-L2,N+W,F6-L2 -> E5-L2 -> D4-L2
AAA,3.77,3,D3-L3,S+OUT,D3-L3 -> D4-L2 -> D5-L1
OOH,3.76,3,F2-L1,S+IN,F2-L1 -> F3-L2 -> F4-L3
OOH,3.76,3,F4-L5,OUT,F4-L5 -> F4-L4 -> F4-L3
OOH,3.76,3,F6-L5,N+OUT,F6-L5 -> F5-L4 -> F4-L3
SELFIE,3.75,6,A1-L1,S+IN,A1-L1 -> A2-L2 -> A3-L3 -> A4-L4 -> A5-L5 -> A6-L6
ARK,3.75,3,F2-L3,W,F2-L3 -> E2-L3 -> D2-L3
ROM,3.75,3,F1-L3,W+OUT,F1-L3 -> E1-L2 -> D1-L1
UAE,3.75,3,C2-L3,S+E,C2-L3 -> D3-L3 -> E4-L3
ELI,3.74,3,A3-L2,IN,A3-L2 -> A3-L3 -> A3-L4
ELI,3.74,3,E3-L5,OUT,E3-L5 -> E3-L4 -> E3-L3
MIT,3.74,3,C1-L3,S+E+OUT,C1-L3 -> D2-L2 -> E3-L1
RANG,3.72,4,F2-L2,IN,F2-L2 -> F2-L3 -> F2-L4 -> F2-L5
BON,3.71,3,A6-L1,E+IN,A6-L1 -> B6-L2 -> C6-L3
BON,3.71,3,B4-L3,E,B4-L3 -> C4-L3 -> D4-L3
ECO,3.71,3,B1-L5,S+E,B1-L5 -> C2-L5 -> D3-L5
ECO,3.71,3,B3-L5,N+E,B3-L5 -> C2-L5 -> D1-L5
IMO,3.71,3,C1-L2,IN,C1-L2 -> C1-L3 -> C1-L4
IMO,3.71,3,F1-L5,S+W,F1-L5 -> E2-L5 -> D3-L5
IMO,3.71,3,F3-L5,N+W,F3-L5 -> E2-L5 -> D1-L5
NED,3.71,3,E4-L6,OUT,E4-L6 -> E4-L5 -> E4-L4
PCS,3.71,3,F6-L3,N+OUT,F6-L3 -> F5-L2 -> F4-L1
TRI,3.71,3,B5-L6,OUT,B5-L6 -> B5-L5 -> B5-L4
VAL,3.71,3,A5-L1,N+IN,A5-L1 -> A4-L2 -> A3-L3
GRAPE,3.70,5,B2-L1,IN,B2-L1 -> B2-L2 -> B2-L3 -> B2-L4 -> B2-L5
CARR,3.70,4,E6-L1,IN,E6-L1 -> E6-L2 -> E6-L3 -> E6-L4
CHA,3.70,3,B1-L1,S+E+IN,B1-L1 -> C2-L2 -> D3-L3
FIN,3.70,3,F3-L4,IN,F3-L4 -> F3-L5 -> F3-L6
ROT,3.70,3,E6-L4,IN,E6-L4 -> E6-L5 -> E6-L6
ROT,3.70,3,D6-L6,E+OUT,D6-L6 -> E6-L5 -> F6-L4
SUR,3.70,3,C5-L3,OUT,C5-L3 -> C5-L2 -> C5-L1
UTC,3.70,3,E5-L5,OUT,E5-L5 -> E5-L4 -> E5-L3
ZEN,3.70,3,A3-L5,N+E,A3-L5 -> B2-L5 -> C1-L5
APT,3.69,3,F6-L2,IN,F6-L2 -> F6-L3 -> F6-L4
SUSHI,3.68,5,E5-L6,W+OUT,E5-L6 -> D5-L5 -> C5-L4 -> B5-L3 -> A5-L2
ALE,3.68,3,A4-L2,N+IN,A4-L2 -> A3-L3 -> A2-L4
GIN,3.68,3,B2-L1,S+E+IN,B2-L1 -> C3-L2 -> D4-L3
RNA,3.68,3,B2-L2,S+E+IN,B2-L2 -> C3-L3 -> D4-L4
WII,3.68,3,E4-L2,N+IN,E4-L2 -> E3-L3 -> E2-L4
ACC,3.67,3,F6-L2,N,F6-L2 -> F5-L2 -> F4-L2
SAC,3.67,3,C5-L3,E,C5-L3 -> D5-L3 -> E5-L3
ENG,3.66,3,B3-L2,E+IN,B3-L2 -> C3-L3 -> D3-L4
WED,3.66,3,E4-L2,IN,E4-L2 -> E4-L3 -> E4-L4
CBD,3.65,3,C4-L1,N+W,C4-L1 -> B3-L1 -> A2-L1
ELF,3.65,3,A2-L2,S+IN,A2-L2 -> A3-L3 -> A4-L4
ELF,3.65,3,A4-L6,OUT,A4-L6 -> A4-L5 -> A4-L4
KIN,3.65,3,D2-L3,IN,D2-L3 -> D2-L4 -> D2-L5
RUSS,3.64,4,C5-L1,IN,C5-L1 -> C5-L2 -> C5-L3 -> C5-L4
ICC,3.64,3,C5-L5,E+OUT,C5-L5 -> D5-L4 -> E5-L3
KAT,3.64,3,C6-L4,E+IN,C6-L4 -> D6-L5 -> E6-L6
LAN,3.64,3,F6-L1,N+W+IN,F6-L1 -> E5-L2 -> D4-L3
LAN,3.64,3,E1-L3,IN,E1-L3 -> E1-L4 -> E1-L5
LAN,3.64,3,A3-L3,E,A3-L3 -> B3-L3 -> C3-L3
RAF,3.64,3,F1-L3,S,F1-L3 -> F2-L3 -> F3-L3
LANA,3.63,4,A3-L3,E,A3-L3 -> B3-L3 -> C3-L3 -> D3-L3
CDS,3.63,3,C2-L1,S+E,C2-L1 -> D3-L1 -> E4-L1
CDS,3.63,3,C4-L1,N+E,C4-L1 -> D3-L1 -> E2-L1
DOW,3.63,3,C3-L4,IN,C3-L4 -> C3-L5 -> C3-L6
RUM,3.63,3,E6-L3,W+OUT,E6-L3 -> D6-L2 -> C6-L1
TAR,3.63,3,D6-L4,IN,D6-L4 -> D6-L5 -> D6-L6
VALE,3.62,4,A5-L1,N+IN,A5-L1 -> A4-L2 -> A3-L3 -> A2-L4
DOO,3.62,3,E1-L6,W+OUT,E1-L6 -> D1-L5 -> C1-L4
REC,3.62,3,A2-L5,E,A2-L5 -> B2-L5 -> C2-L5
REC,3.62,3,B1-L6,OUT,B1-L6 -> B1-L5 -> B1-L4
REC,3.62,3,B3-L6,N+OUT,B3-L6 -> B2-L5 -> B1-L4
GEO,3.61,3,A1-L5,S+E,A1-L5 -> B2-L5 -> C3-L5
WES,3.60,3,A4-L1,N+IN,A4-L1 -> A3-L2 -> A2-L3
SHRI,3.58,4,E2-L1,IN,E2-L1 -> E2-L2 -> E2-L3 -> E2-L4
ERIE,3.57,4,B6-L5,N,B6-L5 -> B5-L5 -> B4-L5 -> B3-L5
IND,3.57,3,C3-L2,IN,C3-L2 -> C3-L3 -> C3-L4
LEA,3.57,3,E3-L4,S+OUT,E3-L4 -> E4-L3 -> E5-L2
LEA,3.57,3,F4-L6,W+OUT,F4-L6 -> E4-L5 -> D4-L4
TOR,3.57,3,F6-L4,W+IN,F6-L4 -> E6-L5 -> D6-L6
TOR,3.57,3,E6-L6,OUT,E6-L6 -> E6-L5 -> E6-L4
DIN,3.56,3,C3-L4,S+W+IN,C3-L4 -> B4-L5 -> A5-L6
DIR,3.56,3,D3-L1,N+IN,D3-L1 -> D2-L2 -> D1-L3
HEN,3.56,3,F4-L3,W,F4-L3 -> E4-L3 -> D4-L3
ONS,3.56,3,E3-L2,S+W+IN,E3-L2 -> D4-L3 -> C5-L4
RUE,3.56,3,D1-L4,S+W+OUT,D1-L4 -> C2-L3 -> B3-L2
RUE,3.56,3,E6-L4,N+W+IN,E6-L4 -> D5-L5 -> C4-L6
WARE,3.55,4,E4-L2,N+W+IN,E4-L2 -> D3-L3 -> C2-L4 -> B1-L5
DAT,3.55,3,C3-L4,S+E,C3-L4 -> D4-L4 -> E5-L4
GIL,3.55,3,D3-L4,N+E,D3-L4 -> E2-L4 -> F1-L4
MAL,3.55,3,C1-L3,S+W,C1-L3 -> B2-L3 -> A3-L3
PHI,3.55,3,E1-L1,S+IN,E1-L1 -> E2-L2 -> E3-L3
RAG,3.55,3,D3-L2,IN,D3-L2 -> D3-L3 -> D3-L4
RAG,3.55,3,F1-L3,OUT,F1-L3 -> F1-L2 -> F1-L1
NANA,3.54,4,D4-L3,IN,D4-L3 -> D4-L4 -> D4-L5 -> D4-L6
NANA,3.54,4,D4-L5,OUT,D4-L5 -> D4-L4 -> D4-L3 -> D4-L2
POO,3.54,3,F6-L3,N+IN,F6-L3 -> F5-L4 -> F4-L5
MONO,3.53,4,C1-L3,IN,C1-L3 -> C1-L4 -> C1-L5 -> C1-L6
ARI,3.53,3,D4-L2,N,D4-L2 -> D3-L2 -> D2-L2
ARI,3.53,3,E1-L4,W+OUT,E1-L4 -> D1-L3 -> C1-L2
MAS,3.53,3,C6-L1,N+E,C6-L1 -> D5-L1 -> E4-L1
MAS,3.53,3,C1-L3,W+OUT,C1-L3 -> B1-L2 -> A1-L1
NAS,3.53,3,D3-L6,S,D3-L6 -> D4-L6 -> D5-L6
TAD,3.53,3,E5-L4,N+W,E5-L4 -> D4-L4 -> C3-L4
IEEE,3.52,4,B4-L5,N,B4-L5 -> B3-L5 -> B2-L5 -> B1-L5
ANG,3.52,3,F2-L3,IN,F2-L3 -> F2-L4 -> F2-L5
DEW,3.52,3,E4-L4,OUT,E4-L4 -> E4-L3 -> E4-L2
NFC,3.52,3,F2-L4,S+OUT,F2-L4 -> F3-L3 -> F4-L2
NOS,3.52,3,C3-L3,S,C3-L3 -> C4-L3 -> C5-L3
CAS,3.51,3,E5-L3,W,E5-L3 -> D5-L3 -> C5-L3
FOE,3.51,3,A4-L3,S,A4-L3 -> A5-L3 -> A6-L3
FOE,3.51,3,A4-L4,S+OUT,A4-L4 -> A5-L3 -> A6-L2
IOT,3.51,3,E3-L3,OUT,E3-L3 -> E3-L2 -> E3-L1
ELIOT,3.50,5,E3-L5,OUT,E3-L5 -> E3-L4 -> E3-L3 -> E3-L2 -> E3-L1
CHU,3.50,3,C2-L1,IN,C2-L1 -> C2-L2 -> C2-L3
FAA,3.50,3,F3-L4,N+OUT,F3-L4 -> F2-L3 -> F1-L2
HEE,3.50,3,C2-L6,W+OUT,C2-L6 -> B2-L5 -> A2-L4
LSU,3.50,3,B4-L4,S+E+OUT,B4-L4 -> C5-L3 -> D6-L2
MOE,3.50,3,C6-L1,W+IN,C6-L1 -> B6-L2 -> A6-L3
CHO,3.49,3,F4-L2,IN,F4-L2 -> F4-L3 -> F4-L4
CUB,3.49,3,B6-L3,N+E+OUT,B6-L3 -> C5-L2 -> D4-L1
EUR,3.49,3,B3-L2,N+E+IN,B3-L2 -> C2-L3 -> D1-L4
EUR,3.49,3,C4-L6,S+E+OUT,C4-L6 -> D5-L5 -> E6-L4
NAN,3.49,3,D4-L3,IN,D4-L3 -> D4-L4 -> D4-L5
NAN,3.49,3,D4-L5,OUT,D4-L5 -> D4-L4 -> D4-L3
SER,3.49,3,A2-L3,IN,A2-L3 -> A2-L4 -> A2-L5
SER,3.49,3,D5-L6,N+W,D5-L6 -> C4-L6 -> B3-L6
WEN,3.49,3,C3-L6,N+W+OUT,C3-L6 -> B2-L5 -> A1-L4
ACA,3.48,3,F6-L2,N+W+IN,F6-L2 -> E5-L3 -> D4-L4
ACA,3.48,3,D4-L4,S+E+OUT,D4-L4 -> E5-L3 -> F6-L2
APE,3.48,3,B2-L3,IN,B2-L3 -> B2-L4 -> B2-L5
APE,3.48,3,B3-L3,N+IN,B3-L3 -> B2-L4 -> B1-L5
FIR,3.48,3,A4-L3,N+IN,A4-L3 -> A3-L4 -> A2-L5
FIR,3.48,3,F3-L4,N+W,F3-L4 -> E2-L4 -> D1-L4
FIR,3.48,3,F3-L4,W+OUT,F3-L4 -> E3-L3 -> D3-L2
PSA,3.48,3,F6-L6,N+W,F6-L6 -> E5-L6 -> D4-L6
RAE,3.48,3,C2-L4,W+OUT,C2-L4 -> B2-L3 -> A2-L2
SAL,3.48,3,C5-L4,N+E,C5-L4 -> D4-L4 -> E3-L4
AIN,3.46,3,D4-L2,N+E+IN,D4-L2 -> E3-L3 -> F2-L4
AIN,3.46,3,F2-L3,W+IN,F2-L3 -> E2-L4 -> D2-L5
AIN,3.46,3,F2-L3,S+W,F2-L3 -> E3-L3 -> D4-L3
AIN,3.46,3,D4-L4,W+IN,D4-L4 -> C4-L5 -> B4-L6
IDA,3.46,3,F3-L5,S+W+OUT,F3-L5 -> E4-L4 -> D5-L3
NPR,3.46,3,F3-L6,N+W,F3-L6 -> E2-L6 -> D1-L6
SHI,3.46,3,B5-L2,IN,B5-L2 -> B5-L3 -> B5-L4
SHI,3.46,3,C5-L4,W+OUT,C5-L4 -> B5-L3 -> A5-L2
SHI,3.46,3,B2-L6,E,B2-L6 -> C2-L6 -> D2-L6
WEI,3.46,3,C3-L6,W+OUT,C3-L6 -> B3-L5 -> A3-L4
APES,3.45,4,B2-L3,IN,B2-L3 -> B2-L4 -> B2-L5 -> B2-L6
INDO,3.45,4,C3-L2,IN,C3-L2 -> C3-L3 -> C3-L4 -> C3-L5
PONG,3.45,4,A1-L2,IN,A1-L2 -> A1-L3 -> A1-L4 -> A1-L5
ANC,3.45,3,B1-L2,IN,B1-L2 -> B1-L3 -> B1-L4
ISS,3.45,3,C5-L5,OUT,C5-L5 -> C5-L4 -> C5-L3
NRA,3.45,3,D2-L5,W+OUT,D2-L5 -> C2-L4 -> B2-L3
PSI,3.45,3,A1-L2,S+IN,A1-L2 -> A2-L3 -> A3-L4
SEW,3.45,3,A2-L3,S+OUT,A2-L3 -> A3-L2 -> A4-L1
USS,3.45,3,C5-L2,IN,C5-L2 -> C5-L3 -> C5-L4
KIA,3.44,3,B6-L4,N+E+IN,B6-L4 -> C5-L5 -> D4-L6
KIA,3.44,3,C6-L4,E+OUT,C6-L4 -> D6-L3 -> E6-L2
LAM,3.44,3,A3-L3,N+E,A3-L3 -> B2-L3 -> C1-L3
ROE,3.44,3,D1-L3,W+IN,D1-L3 -> C1-L4 -> B1-L5
ROE,3.44,3,C2-L4,S+IN,C2-L4 -> C3-L5 -> C4-L6
ELLE,3.43,4,A6-L3,N+IN,A6-L3 -> A5-L4 -> A4-L5 -> A3-L6
ELLE,3.43,4,A3-L6,S+OUT,A3-L6 -> A4-L5 -> A5-L4 -> A6-L3
BTC,3.43,3,A6-L1,N+E,A6-L1 -> B5-L1 -> C4-L1
IRL,3.43,3,E3-L3,N,E3-L3 -> E2-L3 -> E1-L3
IRL,3.43,3,C4-L5,S+W,C4-L5 -> B5-L5 -> A6-L5
POL,3.43,3,E1-L1,IN,E1-L1 -> E1-L2 -> E1-L3
VIS,3.43,3,B3-L4,S+E+IN,B3-L4 -> C4-L5 -> D5-L6
BEL,3.42,3,A3-L1,IN,A3-L1 -> A3-L2 -> A3-L3
CSS,3.42,3,F3-L1,S,F3-L1 -> F4-L1 -> F5-L1
CSS,3.42,3,D5-L4,W+OUT,D5-L4 -> C5-L3 -> B5-L2
FRI,3.42,3,F3-L4,N+W+OUT,F3-L4 -> E2-L3 -> D1-L2
IKE,3.42,3,D6-L3,W+IN,D6-L3 -> C6-L4 -> B6-L5
VER,3.42,3,B3-L4,N+IN,B3-L4 -> B2-L5 -> B1-L6
VER,3.42,3,B3-L4,IN,B3-L4 -> B3-L5 -> B3-L6
GENIE,3.41,5,F2-L5,S+W,F2-L5 -> E3-L5 -> D4-L5 -> C5-L5 -> B6-L5
CPS,3.41,3,C2-L5,W+OUT,C2-L5 -> B2-L4 -> A2-L3
ERR,3.39,3,B3-L5,N+E+OUT,B3-L5 -> C2-L4 -> D1-L3
ROI,3.39,3,B6-L1,E+IN,B6-L1 -> C6-L2 -> D6-L3
ROI,3.39,3,D3-L2,S+W+IN,D3-L2 -> C4-L3 -> B5-L4
ROI,3.39,3,F5-L3,N+IN,F5-L3 -> F4-L4 -> F3-L5
HOO,3.38,3,F4-L3,N+OUT,F4-L3 -> F3-L2 -> F2-L1
HOO,3.38,3,F4-L3,IN,F4-L3 -> F4-L4 -> F4-L5
HOO,3.38,3,F4-L3,S+IN,F4-L3 -> F5-L4 -> F6-L5
LTE,3.38,3,A6-L5,OUT,A6-L5 -> A6-L4 -> A6-L3
MIR,3.38,3,D1-L1,IN,D1-L1 -> D1-L2 -> D1-L3
MIR,3.38,3,E2-L5,OUT,E2-L5 -> E2-L4 -> E2-L3
SOW,3.38,3,C5-L3,N+OUT,C5-L3 -> C4-L2 -> C3-L1
IGOR,3.37,4,E3-L3,W+IN,E3-L3 -> D3-L4 -> C3-L5 -> B3-L6
ETA,3.37,3,F2-L6,S+W,F2-L6 -> E3-L6 -> D4-L6
IPO,3.37,3,A3-L4,N+E,A3-L4 -> B2-L4 -> C1-L4
KAN,3.37,3,D2-L3,S,D2-L3 -> D3-L3 -> D4-L3
NRL,3.37,3,C1-L5,E+OUT,C1-L5 -> D1-L4 -> E1-L3
SAO,3.37,3,E4-L1,W+IN,E4-L1 -> D4-L2 -> C4-L3
SAO,3.37,3,A2-L3,S+E,A2-L3 -> B3-L3 -> C4-L3
RAPES,3.36,5,B2-L2,IN,B2-L2 -> B2-L3 -> B2-L4 -> B2-L5 -> B2-L6
ELM,3.36,3,E4-L3,N+IN,E4-L3 -> E3-L4 -> E2-L5
GIT,3.36,3,D3-L4,S+W+IN,D3-L4 -> C4-L5 -> B5-L6
WASP,3.35,4,C3-L6,S+E,C3-L6 -> D4-L6 -> E5-L6 -> F6-L6
DUI,3.35,3,C3-L4,N+OUT,C3-L4 -> C2-L3 -> C1-L2
LAOS,3.34,4,F1-L4,S+OUT,F1-L4 -> F2-L3 -> F3-L2 -> F4-L1
BEA,3.34,3,B3-L1,IN,B3-L1 -> B3-L2 -> B3-L3
BOG,3.34,3,B4-L3,OUT,B4-L3 -> B4-L2 -> B4-L1
DIA,3.34,3,D3-L1,W+IN,D3-L1 -> C3-L2 -> B3-L3
DIA,3.34,3,C3-L4,S+IN,C3-L4 -> C4-L5 -> C5-L6
DIA,3.34,3,C3-L4,N+E,C3-L4 -> D2-L4 -> E1-L4
FOO,3.34,3,F3-L4,S,F3-L4 -> F4-L4 -> F5-L4
GON,3.34,3,B4-L1,E+IN,B4-L1 -> C4-L2 -> D4-L3
GON,3.34,3,D3-L4,IN,D3-L4 -> D3-L5 -> D3-L6
LUC,3.34,3,F5-L6,W+OUT,F5-L6 -> E5-L5 -> D5-L4
NIL,3.33,3,C6-L3,N+W+IN,C6-L3 -> B5-L4 -> A4-L5
NIL,3.33,3,F2-L4,S+IN,F2-L4 -> F3-L5 -> F4-L6
NIL,3.33,3,B4-L6,OUT,B4-L6 -> B4-L5 -> B4-L4
NIL,3.33,3,A5-L6,OUT,A5-L6 -> A5-L5 -> A5-L4
ABA,3.32,3,D5-L1,IN,D5-L1 -> D5-L2 -> D5-L3
ABA,3.32,3,D5-L3,OUT,D5-L3 -> D5-L2 -> D5-L1
COR,3.32,3,F4-L2,N,F4-L2 -> F3-L2 -> F2-L2
COR,3.32,3,B6-L3,OUT,B6-L3 -> B6-L2 -> B6-L1
COR,3.32,3,B1-L4,E,B1-L4 -> C1-L4 -> D1-L4
NIP,3.32,3,C3-L3,N+E+OUT,C3-L3 -> D2-L2 -> E1-L1
NEC,3.31,3,F3-L6,S+W+OUT,F3-L6 -> E4-L5 -> D5-L4
NEC,3.31,3,F3-L6,N,F3-L6 -> F2-L6 -> F1-L6
REA,3.31,3,F5-L3,N+W,F5-L3 -> E4-L3 -> D3-L3
ROC,3.31,3,B6-L1,IN,B6-L1 -> B6-L2 -> B6-L3
ROC,3.31,3,F2-L2,S,F2-L2 -> F3-L2 -> F4-L2
ROC,3.31,3,D1-L4,W,D1-L4 -> C1-L4 -> B1-L4
BOAR,3.30,4,B3-L1,S+E+IN,B3-L1 -> C4-L2 -> D5-L3 -> E6-L4
COO,3.30,3,C4-L1,IN,C4-L1 -> C4-L2 -> C4-L3
FLO,3.30,3,F3-L3,W+IN,F3-L3 -> E3-L4 -> D3-L5
KGB,3.30,3,C1-L1,S+W,C1-L1 -> B2-L1 -> A3-L1
LOO,3.30,3,F4-L6,OUT,F4-L6 -> F4-L5 -> F4-L4
RAO,3.30,3,F1-L3,W+IN,F1-L3 -> E1-L4 -> D1-L5
RAO,3.30,3,E2-L3,S+W,E2-L3 -> D3-L3 -> C4-L3
RAO,3.30,3,E6-L3,N+W,E6-L3 -> D5-L3 -> C4-L3
RAO,3.30,3,E6-L4,N+W+OUT,E6-L4 -> D5-L3 -> C4-L2
ROS,3.30,3,D3-L2,S+W,D3-L2 -> C4-L2 -> B5-L2
ROS,3.30,3,E2-L3,S+OUT,E2-L3 -> E3-L2 -> E4-L1
EDNA,3.29,4,B2-L5,S+E+OUT,B2-L5 -> C3-L4 -> D4-L3 -> E5-L2
CIO,3.29,3,C2-L1,S+IN,C2-L1 -> C3-L2 -> C4-L3
GUI,3.29,3,B4-L1,S+E+IN,B4-L1 -> C5-L2 -> D6-L3
GUI,3.29,3,D6-L1,IN,D6-L1 -> D6-L2 -> D6-L3
LAI,3.29,3,F6-L1,W+IN,F6-L1 -> E6-L2 -> D6-L3
LAI,3.29,3,E3-L4,W+OUT,E3-L4 -> D3-L3 -> C3-L2
OCD,3.29,3,C1-L6,S+OUT,C1-L6 -> C2-L5 -> C3-L4
PST,3.29,3,E1-L1,S,E1-L1 -> E2-L1 -> E3-L1
TAU,3.29,3,E5-L4,W+OUT,E5-L4 -> D5-L3 -> C5-L2
CHOO,3.28,4,F4-L2,IN,F4-L2 -> F4-L3 -> F4-L4 -> F4-L5
DAE,3.28,3,C3-L4,W+OUT,C3-L4 -> B3-L3 -> A3-L2
UNO,3.28,3,C2-L3,S,C2-L3 -> C3-L3 -> C4-L3
UNO,3.28,3,D5-L5,N,D5-L5 -> D4-L5 -> D3-L5
UNO,3.28,3,E5-L5,N+W,E5-L5 -> D4-L5 -> C3-L5
WIL,3.28,3,C3-L1,N+E+IN,C3-L1 -> D2-L2 -> E1-L3
WIL,3.28,3,C3-L6,S+W+OUT,C3-L6 -> B4-L5 -> A5-L4
CORA,3.27,4,F4-L2,N,F4-L2 -> F3-L2 -> F2-L2 -> F1-L2
CORA,3.27,4,B1-L4,E,B1-L4 -> C1-L4 -> D1-L4 -> E1-L4
BTS,3.27,3,D2-L1,S+E,D2-L1 -> E3-L1 -> F4-L1
KUN,3.27,3,C6-L4,N+E+IN,C6-L4 -> D5-L5 -> E4-L6
LAO,3.27,3,F1-L4,S+OUT,F1-L4 -> F2-L3 -> F3-L2
LEW,3.27,3,A3-L3,E+OUT,A3-L3 -> B3-L2 -> C3-L1
ORR,3.27,3,F3-L2,N+W+IN,F3-L2 -> E2-L3 -> D1-L4
ORR,3.27,3,D1-L5,OUT,D1-L5 -> D1-L4 -> D1-L3
ORR,3.27,3,E6-L5,OUT,E6-L5 -> E6-L4 -> E6-L3
SAI,3.27,3,F4-L1,S+W+IN,F4-L1 -> E5-L2 -> D6-L3
SOB,3.27,3,C5-L3,N+W+OUT,C5-L3 -> B4-L2 -> A3-L1
NINO,3.26,4,E1-L5,S+W+OUT,E1-L5 -> D2-L4 -> C3-L3 -> B4-L2
FOL,3.26,3,F3-L3,S+IN,F3-L3 -> F4-L4 -> F5-L5
FOL,3.26,3,F3-L4,S+IN,F3-L4 -> F4-L5 -> F5-L6
MOI,3.26,3,E2-L5,S+W,E2-L5 -> D3-L5 -> C4-L5
STS,3.26,3,E2-L1,S,E2-L1 -> E3-L1 -> E4-L1
STS,3.26,3,E4-L1,N,E4-L1 -> E3-L1 -> E2-L1
TER,3.26,3,A2-L6,E+OUT,A2-L6 -> B2-L5 -> C2-L4
CSI,3.25,3,D5-L4,W,D5-L4 -> C5-L4 -> B5-L4
ISP,3.25,3,A3-L4,N+OUT,A3-L4 -> A2-L3 -> A1-L2
RAI,3.25,3,C5-L1,N+E+IN,C5-L1 -> D4-L2 -> E3-L3
RAI,3.25,3,D1-L3,E+IN,D1-L3 -> E1-L4 -> F1-L5
TSP,3.25,3,E3-L1,N,E3-L1 -> E2-L1 -> E1-L1
AOL,3.24,3,D4-L2,W+IN,D4-L2 -> C4-L3 -> B4-L4
DNS,3.24,3,C3-L4,S+E+IN,C3-L4 -> D4-L5 -> E5-L6
HUA,3.24,3,B5-L3,E+OUT,B5-L3 -> C5-L2 -> D5-L1
IOC,3.24,3,D2-L2,S+E,D2-L2 -> E3-L2 -> F4-L2
IOC,3.24,3,C4-L5,N,C4-L5 -> C3-L5 -> C2-L5
TAK,3.24,3,E6-L6,W+OUT,E6-L6 -> D6-L5 -> C6-L4
WIS,3.24,3,C3-L6,S+OUT,C3-L6 -> C4-L5 -> C5-L4
EEL,3.23,3,C6-L5,W,C6-L5 -> B6-L5 -> A6-L5
EOS,3.23,3,B3-L2,S,B3-L2 -> B4-L2 -> B5-L2
EOS,3.23,3,E4-L3,N+OUT,E4-L3 -> E3-L2 -> E2-L1
IMP,3.23,3,E2-L4,IN,E2-L4 -> E2-L5 -> E2-L6
MSC,3.23,3,D1-L1,S+E,D1-L1 -> E2-L1 -> F3-L1
OST,3.23,3,B4-L2,S+E+IN,B4-L2 -> C5-L3 -> D6-L4
ATT,3.22,3,D4-L4,S+E,D4-L4 -> E5-L4 -> F6-L4
EIN,3.22,3,B6-L5,N+E,B6-L5 -> C5-L5 -> D4-L5
ICH,3.22,3,D6-L3,N+E,D6-L3 -> E5-L3 -> F4-L3
INA,3.22,3,D2-L6,S,D2-L6 -> D3-L6 -> D4-L6
IRE,3.22,3,C1-L2,S+W,C1-L2 -> B2-L2 -> A3-L2
IRE,3.22,3,A3-L4,N+IN,A3-L4 -> A2-L5 -> A1-L6
IRE,3.22,3,B4-L5,S,B4-L5 -> B5-L5 -> B6-L5
NOM,3.22,3,C6-L3,OUT,C6-L3 -> C6-L2 -> C6-L1
NOM,3.22,3,C1-L5,OUT,C1-L5 -> C1-L4 -> C1-L3
NEE,3.21,3,A5-L6,N,A5-L6 -> A4-L6 -> A3-L6
RAS,3.21,3,E6-L3,N+OUT,E6-L3 -> E5-L2 -> E4-L1
RIN,3.21,3,E6-L3,W,E6-L3 -> D6-L3 -> C6-L3
RIN,3.21,3,D1-L6,S,D1-L6 -> D2-L6 -> D3-L6
SSD,3.21,3,F5-L1,N+W,F5-L1 -> E4-L1 -> D3-L1
TIC,3.21,3,B5-L6,E+OUT,B5-L6 -> C5-L5 -> D5-L4
LIEN,3.20,4,E1-L3,S+IN,E1-L3 -> E2-L4 -> E3-L5 -> E4-L6
ADO,3.20,3,B3-L3,E+IN,B3-L3 -> C3-L4 -> D3-L5
ADO,3.20,3,D4-L4,E,D4-L4 -> E4-L4 -> F4-L4
ANI,3.20,3,D4-L6,N,D4-L6 -> D3-L6 -> D2-L6
CAO,3.20,3,E5-L3,N+W+IN,E5-L3 -> D4-L4 -> C3-L5
RCA,3.20,3,F5-L3,W,F5-L3 -> E5-L3 -> D5-L3
TIA,3.20,3,B6-L6,N+E+OUT,B6-L6 -> C5-L5 -> D4-L4
CES,3.19,3,C4-L1,N+W+IN,C4-L1 -> B3-L2 -> A2-L3
CIR,3.19,3,B1-L1,E+IN,B1-L1 -> C1-L2 -> D1-L3
CIR,3.19,3,C2-L1,E+IN,C2-L1 -> D2-L2 -> E2-L3
CIR,3.19,3,D5-L4,N+W+IN,D5-L4 -> C4-L5 -> B3-L6
CIR,3.19,3,C2-L5,E+OUT,C2-L5 -> D2-L4 -> E2-L3
LLP,3.19,3,F4-L6,S,F4-L6 -> F5-L6 -> F6-L6
AVI,3.18,3,B2-L3,S+IN,B2-L3 -> B3-L4 -> B4-L5
BBW,3.18,3,A3-L1,E,A3-L1 -> B3-L1 -> C3-L1
BOA,3.18,3,B3-L1,S+E+IN,B3-L1 -> C4-L2 -> D5-L3
BOA,3.18,3,D4-L1,N+E+IN,D4-L1 -> E3-L2 -> F2-L3
RET,3.18,3,C2-L4,W+IN,C2-L4 -> B2-L5 -> A2-L6
AWS,3.17,3,D3-L3,S+E+OUT,D3-L3 -> E4-L2 -> F5-L1
AWS,3.17,3,D4-L6,N+W,D4-L6 -> C3-L6 -> B2-L6
KOH,3.17,3,C4-L4,N+IN,C4-L4 -> C3-L5 -> C2-L6
LEI,3.17,3,F4-L6,N+W+OUT,F4-L6 -> E3-L5 -> D2-L4
MOR,3.17,3,D1-L1,E+IN,D1-L1 -> E1-L2 -> F1-L3
PCI,3.17,3,B2-L4,E+IN,B2-L4 -> C2-L5 -> D2-L6
ATL,3.16,3,D5-L3,E+IN,D5-L3 -> E5-L4 -> F5-L5
FFA,3.16,3,A4-L4,OUT,A4-L4 -> A4-L3 -> A4-L2
ITO,3.16,3,D6-L3,N+E+IN,D6-L3 -> E5-L4 -> F4-L5
ONO,3.16,3,C1-L4,IN,C1-L4 -> C1-L5 -> C1-L6
ONO,3.16,3,D1-L5,S,D1-L5 -> D2-L5 -> D3-L5
ONO,3.16,3,D3-L5,N,D3-L5 -> D2-L5 -> D1-L5
ONO,3.16,3,C1-L6,OUT,C1-L6 -> C1-L5 -> C1-L4
OTC,3.16,3,F5-L4,W,F5-L4 -> E5-L4 -> D5-L4
SAR,3.16,3,E4-L1,S+IN,E4-L1 -> E5-L2 -> E6-L3
TOD,3.16,3,E3-L6,W+OUT,E3-L6 -> D3-L5 -> C3-L4
CCC,3.15,3,F5-L2,W+IN,F5-L2 -> E5-L3 -> D5-L4
CCC,3.15,3,D5-L4,E+OUT,D5-L4 -> E5-L3 -> F5-L2
COE,3.15,3,D5-L4,N+W+OUT,D5-L4 -> C4-L3 -> B3-L2
COE,3.15,3,C2-L5,S+E,C2-L5 -> D3-L5 -> E4-L5
CSA,3.15,3,F3-L1,S+W,F3-L1 -> E4-L1 -> D5-L1
EAU,3.15,3,E4-L3,N+W,E4-L3 -> D3-L3 -> C2-L3
OOF,3.15,3,F5-L4,N,F5-L4 -> F4-L4 -> F3-L4
ABD,3.14,3,D5-L1,N,D5-L1 -> D4-L1 -> D3-L1
DAK,3.14,3,E4-L4,W,E4-L4 -> D4-L4 -> C4-L4
RIC,3.14,3,D1-L3,W+OUT,D1-L3 -> C1-L2 -> B1-L1
RIC,3.14,3,E2-L3,W+OUT,E2-L3 -> D2-L2 -> C2-L1
RIC,3.14,3,E2-L3,W+IN,E2-L3 -> D2-L4 -> C2-L5
RIC,3.14,3,B3-L6,S+E+OUT,B3-L6 -> C4-L5 -> D5-L4
ACS,3.13,3,D5-L1,E,D5-L1 -> E5-L1 -> F5-L1
BAO,3.13,3,A3-L1,S+IN,A3-L1 -> A4-L2 -> A5-L3
COA,3.13,3,F3-L1,W+IN,F3-L1 -> E3-L2 -> D3-L3
NPC,3.13,3,D3-L6,N+E,D3-L6 -> E2-L6 -> F1-L6
ONT,3.13,3,B6-L2,E+IN,B6-L2 -> C6-L3 -> D6-L4
ONT,3.13,3,C1-L4,S+E+IN,C1-L4 -> D2-L5 -> E3-L6
RGB,3.13,3,C5-L1,N+W,C5-L1 -> B4-L1 -> A3-L1
RSA,3.13,3,B5-L5,E+OUT,B5-L5 -> C5-L4 -> D5-L3
RSA,3.13,3,D6-L6,N,D6-L6 -> D5-L6 -> D4-L6
SHO,3.13,3,C5-L3,W,C5-L3 -> B5-L3 -> A5-L3
DAH,3.12,3,E4-L4,N+W+OUT,E4-L4 -> D3-L3 -> C2-L2
NAB,3.12,3,D4-L3,OUT,D4-L3 -> D4-L2 -> D4-L1
ORA,3.12,3,F2-L1,IN,F2-L1 -> F2-L2 -> F2-L3
ORA,3.12,3,E3-L2,N+IN,E3-L2 -> E2-L3 -> E1-L4
ORA,3.12,3,F3-L2,N,F3-L2 -> F2-L2 -> F1-L2
ORA,3.12,3,C1-L4,E,C1-L4 -> D1-L4 -> E1-L4
ORA,3.12,3,F4-L4,S+OUT,F4-L4 -> F5-L3 -> F6-L2
ORA,3.12,3,D1-L5,S+W+OUT,D1-L5 -> C2-L4 -> B3-L3
REI,3.12,3,A2-L5,S+E,A2-L5 -> B3-L5 -> C4-L5
EMI,3.11,3,F2-L6,W+OUT,F2-L6 -> E2-L5 -> D2-L4
ITA,3.11,3,D6-L3,IN,D6-L3 -> D6-L4 -> D6-L5
OTT,3.11,3,F4-L4,S+W,F4-L4 -> E5-L4 -> D6-L4
SIA,3.11,3,C5-L4,IN,C5-L4 -> C5-L5 -> C5-L6
TRE,3.11,3,A6-L4,N+E+IN,A6-L4 -> B5-L5 -> C4-L6
TRE,3.11,3,A2-L6,OUT,A2-L6 -> A2-L5 -> A2-L4
TRE,3.11,3,A2-L6,S+E,A2-L6 -> B3-L6 -> C4-L6
BAC,3.10,3,D5-L2,IN,D5-L2 -> D5-L3 -> D5-L4
BAC,3.10,3,D5-L2,E,D5-L2 -> E5-L2 -> F5-L2
HAE,3.10,3,C2-L2,W+IN,C2-L2 -> B2-L3 -> A2-L4
ISI,3.10,3,D6-L3,N+W+IN,D6-L3 -> C5-L4 -> B4-L5
ISI,3.10,3,B4-L5,S+E+OUT,B4-L5 -> C5-L4 -> D6-L3
NIA,3.10,3,D4-L3,N+E,D4-L3 -> E3-L3 -> F2-L3
NIA,3.10,3,F2-L4,S+W+OUT,F2-L4 -> E3-L3 -> D4-L2
NIA,3.10,3,D2-L5,E+OUT,D2-L5 -> E2-L4 -> F2-L3
NIA,3.10,3,B4-L6,E+OUT,B4-L6 -> C4-L5 -> D4-L4
NUM,3.10,3,C3-L3,N,C3-L3 -> C2-L3 -> C1-L3
PAO,3.10,3,B2-L4,S+OUT,B2-L4 -> B3-L3 -> B4-L2
ROO,3.10,3,D3-L2,E,D3-L2 -> E3-L2 -> F3-L2
TRA,3.10,3,B5-L1,E,B5-L1 -> C5-L1 -> D5-L1
TRA,3.10,3,D6-L4,E+OUT,D6-L4 -> E6-L3 -> F6-L2
LIS,3.09,3,A5-L4,E,A5-L4 -> B5-L4 -> C5-L4
LIS,3.09,3,A4-L5,N+OUT,A4-L5 -> A3-L4 -> A2-L3
NIT,3.09,3,B4-L6,S+E+OUT,B4-L6 -> C5-L5 -> D6-L4
PAI,3.09,3,A1-L2,E,A1-L2 -> B1-L2 -> C1-L2
PRI,3.09,3,A1-L2,S+E,A1-L2 -> B2-L2 -> C3-L2
PRI,3.09,3,F6-L3,W,F6-L3 -> E6-L3 -> D6-L3
PRI,3.09,3,B2-L4,E,B2-L4 -> C2-L4 -> D2-L4
ODA,3.08,3,F4-L4,W,F4-L4 -> E4-L4 -> D4-L4
ODA,3.08,3,D3-L5,W+OUT,D3-L5 -> C3-L4 -> B3-L3
ONG,3.08,3,A1-L3,IN,A1-L3 -> A1-L4 -> A1-L5
RUS,3.08,3,C5-L1,IN,C5-L1 -> C5-L2 -> C5-L3
ARD,3.07,3,D3-L3,OUT,D3-L3 -> D3-L2 -> D3-L1
BOS,3.07,3,A3-L1,S+E+IN,A3-L1 -> B4-L2 -> C5-L3
INF,3.07,3,F1-L5,S+OUT,F1-L5 -> F2-L4 -> F3-L3
SCH,3.07,3,F4-L1,IN,F4-L1 -> F4-L2 -> F4-L3
TRES,3.06,4,A2-L6,OUT,A2-L6 -> A2-L5 -> A2-L4 -> A2-L3
TRES,3.06,4,A2-L6,S+E,A2-L6 -> B3-L6 -> C4-L6 -> D5-L6
AIS,3.06,3,C5-L6,OUT,C5-L6 -> C5-L5 -> C5-L4
BDS,3.06,3,A3-L1,N,A3-L1 -> A2-L1 -> A1-L1
CRT,3.06,3,F4-L2,S+IN,F4-L2 -> F5-L3 -> F6-L4
EPI,3.06,3,F2-L6,W,F2-L6 -> E2-L6 -> D2-L6
FIA,3.06,3,F3-L3,W,F3-L3 -> E3-L3 -> D3-L3
GMC,3.06,3,D3-L4,N+E+IN,D3-L4 -> E2-L5 -> F1-L6
KEE,3.06,3,C6-L4,W+IN,C6-L4 -> B6-L5 -> A6-L6
MPG,3.06,3,D1-L1,E,D1-L1 -> E1-L1 -> F1-L1
SAE,3.06,3,C5-L3,N+E+IN,C5-L3 -> D4-L4 -> E3-L5
SIE,3.06,3,C5-L4,N+W+IN,C5-L4 -> B4-L5 -> A3-L6
SWEDE,3.05,5,E4-L1,IN,E4-L1 -> E4-L2 -> E4-L3 -> E4-L4 -> E4-L5
BEET,3.05,4,A6-L1,IN,A6-L1 -> A6-L2 -> A6-L3 -> A6-L4
ASP,3.05,3,D4-L6,S+E,D4-L6 -> E5-L6 -> F6-L6
CRM,3.05,3,C4-L1,S,C4-L1 -> C5-L1 -> C6-L1
CST,3.05,3,E5-L1,N,E5-L1 -> E4-L1 -> E3-L1
ISN,3.05,3,C4-L5,S+OUT,C4-L5 -> C5-L4 -> C6-L3
MINN,3.04,4,D1-L1,W+IN,D1-L1 -> C1-L2 -> B1-L3 -> A1-L4
ADI,3.04,3,D5-L3,N+E+IN,D5-L3 -> E4-L4 -> F3-L5
HOA,3.04,3,B5-L3,N+E,B5-L3 -> C4-L3 -> D3-L3
KOS,3.04,3,D2-L3,S+E+OUT,D2-L3 -> E3-L2 -> F4-L1
NIK,3.04,3,D2-L5,OUT,D2-L5 -> D2-L4 -> D2-L3
SUS,3.04,3,C5-L4,E+IN,C5-L4 -> D5-L5 -> E5-L6
SUS,3.04,3,E5-L6,W+OUT,E5-L6 -> D5-L5 -> C5-L4
NIKI,3.03,4,D2-L5,OUT,D2-L5 -> D2-L4 -> D2-L3 -> D2-L2
TOIL,3.03,4,E3-L1,IN,E3-L1 -> E3-L2 -> E3-L3 -> E3-L4
ADP,3.03,3,D4-L4,N+W,D4-L4 -> C3-L4 -> B2-L4
NMR,3.03,3,B1-L3,E,B1-L3 -> C1-L3 -> D1-L3
NMR,3.03,3,F3-L6,N+W+OUT,F3-L6 -> E2-L5 -> D1-L4
RIA,3.03,3,B2-L2,S+E,B2-L2 -> C3-L2 -> D4-L2
RIA,3.03,3,F2-L2,S+W+IN,F2-L2 -> E3-L3 -> D4-L4
TAS,3.03,3,E3-L1,S+W+IN,E3-L1 -> D4-L2 -> C5-L3
TAS,3.03,3,B5-L6,E,B5-L6 -> C5-L6 -> D5-L6
TRU,3.03,3,F6-L4,W+OUT,F6-L4 -> E6-L3 -> D6-L2
CUS,3.02,3,D5-L4,IN,D5-L4 -> D5-L5 -> D5-L6
GAH,3.02,3,D6-L1,N+E+IN,D6-L1 -> E5-L2 -> F4-L3
ICS,3.02,3,D2-L4,W+IN,D2-L4 -> C2-L5 -> B2-L6
MEE,3.02,3,E2-L5,S,E2-L5 -> E3-L5 -> E4-L5
RNC,3.02,3,D3-L2,S+IN,D3-L2 -> D4-L3 -> D5-L4
RNC,3.02,3,D1-L4,E+IN,D1-L4 -> E1-L5 -> F1-L6
RNC,3.02,3,D1-L6,W+OUT,D1-L6 -> C1-L5 -> B1-L4
SSC,3.02,3,F5-L1,N,F5-L1 -> F4-L1 -> F3-L1
SSC,3.02,3,B5-L2,E+IN,B5-L2 -> C5-L3 -> D5-L4
CCS,3.01,3,E6-L1,N,E6-L1 -> E5-L1 -> E4-L1
CDR,3.01,3,F1-L6,W,F1-L6 -> E1-L6 -> D1-L6
COG,3.01,3,F3-L1,N,F3-L1 -> F2-L1 -> F1-L1
COG,3.01,3,B6-L3,E+OUT,B6-L3 -> C6-L2 -> D6-L1
MUN,3.01,3,C1-L3,S,C1-L3 -> C2-L3 -> C3-L3
OOP,3.01,3,F4-L5,S+OUT,F4-L5 -> F5-L4 -> F6-L3
ORC,3.01,3,F5-L4,OUT,F5-L4 -> F5-L3 -> F5-L2
PES,3.01,3,B2-L4,IN,B2-L4 -> B2-L5 -> B2-L6
LISP,3.00,4,A4-L5,N+OUT,A4-L5 -> A3-L4 -> A2-L3 -> A1-L2
ORCS,3.00,4,F5-L4,OUT,F5-L4 -> F5-L3 -> F5-L2 -> F5-L1
AOC,3.00,3,D3-L3,E+OUT,D3-L3 -> E3-L2 -> F3-L1
ARR,3.00,3,E6-L2,IN,E6-L2 -> E6-L3 -> E6-L4
ARR,3.00,3,D3-L3,N+E,D3-L3 -> E2-L3 -> F1-L3
NDA,3.00,3,D4-L5,N+W+OUT,D4-L5 -> C3-L4 -> B2-L3
SORA,2.99,4,E4-L1,N+IN,E4-L1 -> E3-L2 -> E2-L3 -> E1-L4
DAO,2.99,3,C3-L4,E+OUT,C3-L4 -> D3-L3 -> E3-L2
DAO,2.99,3,E4-L4,S+W+OUT,E4-L4 -> D5-L3 -> C6-L2
ELL,2.99,3,A6-L3,N+IN,A6-L3 -> A5-L4 -> A4-L5
ELL,2.99,3,A3-L6,S+OUT,A3-L6 -> A4-L5 -> A5-L4
GAR,2.99,3,F1-L1,IN,F1-L1 -> F1-L2 -> F1-L3
GAR,2.99,3,D3-L4,OUT,D3-L4 -> D3-L3 -> D3-L2
OLA,2.99,3,E1-L2,IN,E1-L2 -> E1-L3 -> E1-L4
SIL,2.99,3,A2-L3,S+IN,A2-L3 -> A3-L4 -> A4-L5
SIL,2.99,3,C5-L4,W,C5-L4 -> B5-L4 -> A5-L4
ARTE,2.98,4,F6-L2,W+IN,F6-L2 -> E6-L3 -> D6-L4 -> C6-L5
RIGA,2.98,4,D1-L4,S,D1-L4 -> D2-L4 -> D3-L4 -> D4-L4
SAAS,2.98,4,F5-L1,W+IN,F5-L1 -> E5-L2 -> D5-L3 -> C5-L4
SAAS,2.98,4,C5-L4,E+OUT,C5-L4 -> D5-L3 -> E5-L2 -> F5-L1
ADE,2.98,3,D3-L3,W+IN,D3-L3 -> C3-L4 -> B3-L5
CCA,2.98,3,F4-L2,S,F4-L2 -> F5-L2 -> F6-L2
NEA,2.98,3,F2-L4,S+W+IN,F2-L4 -> E3-L5 -> D4-L6
NEA,2.98,3,B4-L6,E,B4-L6 -> C4-L6 -> D4-L6
ORI,2.98,3,E3-L2,W,E3-L2 -> D3-L2 -> C3-L2
ORI,2.98,3,F6-L5,W+OUT,F6-L5 -> E6-L4 -> D6-L3
ANGE,2.97,4,F2-L3,IN,F2-L3 -> F2-L4 -> F2-L5 -> F2-L6
ARG,2.97,3,F1-L2,S+W+IN,F1-L2 -> E2-L3 -> D3-L4
ARG,2.97,3,B2-L3,OUT,B2-L3 -> B2-L2 -> B2-L1
ASC,2.97,3,D5-L1,N+E,D5-L1 -> E4-L1 -> F3-L1
BIB,2.97,3,D2-L1,S+W+IN,D2-L1 -> C3-L2 -> B4-L3
BIB,2.97,3,B4-L3,N+E+OUT,B4-L3 -> C3-L2 -> D2-L1
CUL,2.97,3,D5-L4,E+IN,D5-L4 -> E5-L5 -> F5-L6
HAG,2.97,3,F4-L3,S+W+OUT,F4-L3 -> E5-L2 -> D6-L1
HSU,2.97,3,B5-L3,E+IN,B5-L3 -> C5-L4 -> D5-L5
IEC,2.97,3,E3-L3,S,E3-L3 -> E4-L3 -> E5-L3
KOO,2.97,3,C4-L4,OUT,C4-L4 -> C4-L3 -> C4-L2
SSI,2.97,3,C5-L3,IN,C5-L3 -> C5-L4 -> C5-L5
ATH,2.96,3,D6-L5,N+E+OUT,D6-L5 -> E5-L4 -> F4-L3
BSA,2.96,3,B4-L3,S+E+IN,B4-L3 -> C5-L4 -> D6-L5
MCG,2.96,3,C1-L3,W+IN,C1-L3 -> B1-L4 -> A1-L5
NAI,2.96,3,C3-L3,E,C3-L3 -> D3-L3 -> E3-L3
NAI,2.96,3,D4-L3,S,D4-L3 -> D5-L3 -> D6-L3
NAI,2.96,3,A1-L4,S+E+OUT,A1-L4 -> B2-L3 -> C3-L2
ORD,2.96,3,C1-L4,S,C1-L4 -> C2-L4 -> C3-L4
ORD,2.96,3,C1-L6,E,C1-L6 -> D1-L6 -> E1-L6
SOE,2.96,3,E2-L1,S+IN,E2-L1 -> E3-L2 -> E4-L3
SOE,2.96,3,B5-L2,N,B5-L2 -> B4-L2 -> B3-L2
SAWS,2.95,4,E5-L6,N+W,E5-L6 -> D4-L6 -> C3-L6 -> B2-L6
AUR,2.95,3,B3-L3,N+E,B3-L3 -> C2-L3 -> D1-L3
AUR,2.95,3,D4-L4,S+IN,D4-L4 -> D5-L5 -> D6-L6
DEO,2.95,3,A2-L1,S+E+IN,A2-L1 -> B3-L2 -> C4-L3
FCS,2.95,3,F3-L3,S+OUT,F3-L3 -> F4-L2 -> F5-L1
HUR,2.95,3,C2-L2,IN,C2-L2 -> C2-L3 -> C2-L4
PDA,2.95,3,B2-L4,S+E,B2-L4 -> C3-L4 -> D4-L4
RAC,2.95,3,C5-L1,E,C5-L1 -> D5-L1 -> E5-L1
RAC,2.95,3,E6-L3,OUT,E6-L3 -> E6-L2 -> E6-L1
SPC,2.95,3,A2-L3,E+IN,A2-L3 -> B2-L4 -> C2-L5
SRC,2.95,3,A2-L3,E+OUT,A2-L3 -> B2-L2 -> C2-L1
VCR,2.95,3,B3-L4,N+E+IN,B3-L4 -> C2-L5 -> D1-L6
AFF,2.94,3,A4-L2,IN,A4-L2 -> A4-L3 -> A4-L4
CRA,2.94,3,B1-L1,S+IN,B1-L1 -> B2-L2 -> B3-L3
DEP,2.94,3,E4-L4,N+IN,E4-L4 -> E3-L5 -> E2-L6
DND,2.94,3,C3-L4,N+E+IN,C3-L4 -> D2-L5 -> E1-L6
DND,2.94,3,E1-L6,S+W+OUT,E1-L6 -> D2-L5 -> C3-L4
DOH,2.94,3,D3-L1,S+W+IN,D3-L1 -> C4-L2 -> B5-L3
DOH,2.94,3,E4-L4,N+W+IN,E4-L4 -> D3-L5 -> C2-L6
EDC,2.94,3,E3-L5,S+OUT,E3-L5 -> E4-L4 -> E5-L3
EFL,2.94,3,A3-L2,S+IN,A3-L2 -> A4-L3 -> A5-L4
GEA,2.94,3,B4-L1,N+IN,B4-L1 -> B3-L2 -> B2-L3
IAS,2.94,3,D6-L3,N+E+OUT,D6-L3 -> E5-L2 -> F4-L1
LIA,2.94,3,E3-L4,N,E3-L4 -> E2-L4 -> E1-L4
LIA,2.94,3,B4-L4,E+IN,B4-L4 -> C4-L5 -> D4-L6
NSC,2.94,3,D4-L3,S+W,D4-L3 -> C5-L3 -> B6-L3
NSC,2.94,3,D4-L5,S+W+OUT,D4-L5 -> C5-L4 -> B6-L3
RBC,2.94,3,C5-L1,E+IN,C5-L1 -> D5-L2 -> E5-L3
RBC,2.94,3,E6-L3,N+W+OUT,E6-L3 -> D5-L2 -> C4-L1
SED,2.94,3,A2-L3,OUT,A2-L3 -> A2-L2 -> A2-L1
WBC,2.94,3,C3-L1,S+E,C3-L1 -> D4-L1 -> E5-L1
WBC,2.94,3,A4-L1,N+E,A4-L1 -> B3-L1 -> C2-L1
AMR,2.93,3,B1-L2,E+IN,B1-L2 -> C1-L3 -> D1-L4
ELA,2.93,3,A2-L4,S+OUT,A2-L4 -> A3-L3 -> A4-L2
GIO,2.93,3,D3-L4,E+OUT,D3-L4 -> E3-L3 -> F3-L2
GIO,2.93,3,F2-L5,S,F2-L5 -> F3-L5 -> F4-L5
MBE,2.93,3,C6-L1,N+E+IN,C6-L1 -> D5-L2 -> E4-L3
NAO,2.93,3,C3-L3,N+W,C3-L3 -> B2-L3 -> A1-L3
NGL,2.93,3,F3-L6,N+OUT,F3-L6 -> F2-L5 -> F1-L4
PLO,2.93,3,F6-L6,N+OUT,F6-L6 -> F5-L5 -> F4-L4
SSL,2.93,3,F4-L1,S,F4-L1 -> F5-L1 -> F6-L1
SSL,2.93,3,D5-L6,E,D5-L6 -> E5-L6 -> F5-L6
BAA,2.92,3,B4-L3,N,B4-L3 -> B3-L3 -> B2-L3
CUR,2.92,3,B1-L4,S+E+OUT,B1-L4 -> C2-L3 -> D3-L2
EEN,2.92,3,A3-L6,S,A3-L6 -> A4-L6 -> A5-L6
INE,2.92,3,C4-L5,E,C4-L5 -> D4-L5 -> E4-L5
INE,2.92,3,C5-L5,N+E,C5-L5 -> D4-L5 -> E3-L5
TOI,2.92,3,E3-L1,IN,E3-L1 -> E3-L2 -> E3-L3
TSE,2.92,3,E6-L6,N+W,E6-L6 -> D5-L6 -> C4-L6
WIE,2.92,3,A4-L1,S+IN,A4-L1 -> A5-L2 -> A6-L3
TAUT,2.91,4,E5-L4,W+OUT,E5-L4 -> D5-L3 -> C5-L2 -> B5-L1
BOE,2.91,3,D5-L2,N+W,D5-L2 -> C4-L2 -> B3-L2
DSS,2.91,3,D3-L1,S+E,D3-L1 -> E4-L1 -> F5-L1
ENO,2.91,3,E4-L3,W,E4-L3 -> D4-L3 -> C4-L3
ENO,2.91,3,B1-L5,E,B1-L5 -> C1-L5 -> D1-L5
NIE,2.91,3,D4-L5,S+W,D4-L5 -> C5-L5 -> B6-L5
OCS,2.91,3,F2-L1,S,F2-L1 -> F3-L1 -> F4-L1
ORO,2.91,3,E1-L2,W+IN,E1-L2 -> D1-L3 -> C1-L4
ORO,2.91,3,C1-L4,E+OUT,C1-L4 -> D1-L3 -> E1-L2
SAA,2.91,3,F5-L1,W+IN,F5-L1 -> E5-L2 -> D5-L3
SAA,2.91,3,C5-L4,E+OUT,C5-L4 -> D5-L3 -> E5-L2
COED,2.90,4,D5-L4,N+W+OUT,D5-L4 -> C4-L3 -> B3-L2 -> A2-L1
CRS,2.90,3,C2-L1,W+IN,C2-L1 -> B2-L2 -> A2-L3
LOA,2.90,3,B4-L4,E+OUT,B4-L4 -> C4-L3 -> D4-L2
SCR,2.90,3,F5-L1,IN,F5-L1 -> F5-L2 -> F5-L3
AMT,2.89,3,E1-L4,S+IN,E1-L4 -> E2-L5 -> E3-L6
CIT,2.89,3,D5-L4,W+IN,D5-L4 -> C5-L5 -> B5-L6
HCL,2.89,3,F4-L3,S+OUT,F4-L3 -> F5-L2 -> F6-L1
LST,2.89,3,B4-L4,S+E,B4-L4 -> C5-L4 -> D6-L4
OAR,2.89,3,C4-L2,S+E+IN,C4-L2 -> D5-L3 -> E6-L4
OAR,2.89,3,C4-L3,N+E,C4-L3 -> D3-L3 -> E2-L3
OAR,2.89,3,C4-L3,S+E,C4-L3 -> D5-L3 -> E6-L3
OAR,2.89,3,D1-L5,E+OUT,D1-L5 -> E1-L4 -> F1-L3
SBC,2.89,3,E2-L1,W,E2-L1 -> D2-L1 -> C2-L1
SBC,2.89,3,E4-L1,W,E4-L1 -> D4-L1 -> C4-L1
SBC,2.89,3,C5-L3,E+OUT,C5-L3 -> D5-L2 -> E5-L1
EINE,2.88,4,B6-L5,N+E,B6-L5 -> C5-L5 -> D4-L5 -> E3-L5
AKI,2.88,3,E1-L4,S+W+OUT,E1-L4 -> D2-L3 -> C3-L2
ALR,2.88,3,F1-L2,W+IN,F1-L2 -> E1-L3 -> D1-L4
ALR,2.88,3,B3-L3,S+IN,B3-L3 -> B4-L4 -> B5-L5
ATI,2.88,3,D6-L5,OUT,D6-L5 -> D6-L4 -> D6-L3
CCD,2.88,3,B1-L1,S+E,B1-L1 -> C2-L1 -> D3-L1
CRO,2.88,3,F5-L2,IN,F5-L2 -> F5-L3 -> F5-L4
CTO,2.88,3,D5-L4,E,D5-L4 -> E5-L4 -> F5-L4
DBA,2.88,3,D3-L1,S,D3-L1 -> D4-L1 -> D5-L1
ESC,2.88,3,A6-L3,N+E+OUT,A6-L3 -> B5-L2 -> C4-L1
FEC,2.88,3,A4-L3,N+E+OUT,A4-L3 -> B3-L2 -> C2-L1
LRT,2.88,3,B4-L4,S+IN,B4-L4 -> B5-L5 -> B6-L6
OFA,2.88,3,F4-L5,N+OUT,F4-L5 -> F3-L4 -> F2-L3
PMI,2.88,3,E2-L6,OUT,E2-L6 -> E2-L5 -> E2-L4
CAC,2.87,3,C4-L1,S+E,C4-L1 -> D5-L1 -> E6-L1
CAC,2.87,3,E5-L1,IN,E5-L1 -> E5-L2 -> E5-L3
CAC,2.87,3,E6-L1,N+W,E6-L1 -> D5-L1 -> C4-L1
CAC,2.87,3,E5-L3,OUT,E5-L3 -> E5-L2 -> E5-L1
LOR,2.87,3,A3-L3,S+E+OUT,A3-L3 -> B4-L2 -> C5-L1
LOR,2.87,3,F5-L5,OUT,F5-L5 -> F5-L4 -> F5-L3
PRA,2.87,3,F6-L3,W+IN,F6-L3 -> E6-L4 -> D6-L5
SCA,2.87,3,F5-L1,W,F5-L1 -> E5-L1 -> D5-L1
GENO,2.86,4,A1-L5,E,A1-L5 -> B1-L5 -> C1-L5 -> D1-L5
EIA,2.86,3,A6-L2,N,A6-L2 -> A5-L2 -> A4-L2
ESE,2.86,3,A2-L2,IN,A2-L2 -> A2-L3 -> A2-L4
ESE,2.86,3,A2-L4,OUT,A2-L4 -> A2-L3 -> A2-L2
ILE,2.86,3,E3-L3,IN,E3-L3 -> E3-L4 -> E3-L5
ILE,2.86,3,A3-L4,OUT,A3-L4 -> A3-L3 -> A3-L2
NIN,2.86,3,C3-L3,N+E+IN,C3-L3 -> D2-L4 -> E1-L5
NIN,2.86,3,E1-L5,S+W+OUT,E1-L5 -> D2-L4 -> C3-L3
RUI,2.86,3,B2-L2,E+IN,B2-L2 -> C2-L3 -> D2-L4
SIU,2.86,3,E2-L1,W+IN,E2-L1 -> D2-L2 -> C2-L3
SOI,2.86,3,C5-L4,N+OUT,C5-L4 -> C4-L3 -> C3-L2
URS,2.86,3,C2-L3,S+E+OUT,C2-L3 -> D3-L2 -> E4-L1
AAS,2.85,3,E5-L2,W+IN,E5-L2 -> D5-L3 -> C5-L4
AAS,2.85,3,D5-L3,E+OUT,D5-L3 -> E5-L2 -> F5-L1
CHF,2.85,3,F5-L2,N+IN,F5-L2 -> F4-L3 -> F3-L4
CHR,2.85,3,F3-L1,N+W+IN,F3-L1 -> E2-L2 -> D1-L3
SEL,2.85,3,A1-L1,S+IN,A1-L1 -> A2-L2 -> A3-L3
SEL,2.85,3,B2-L6,S+OUT,B2-L6 -> B3-L5 -> B4-L4
SEL,2.85,3,E5-L6,N+OUT,E5-L6 -> E4-L5 -> E3-L4
SOA,2.85,3,F4-L1,N+IN,F4-L1 -> F3-L2 -> F2-L3
SOA,2.85,3,B2-L6,S+E+OUT,B2-L6 -> C3-L5 -> D4-L4
TEK,2.85,3,A2-L6,S+E+OUT,A2-L6 -> B3-L5 -> C4-L4
TEK,2.85,3,B6-L6,OUT,B6-L6 -> B6-L5 -> B6-L4
NUR,2.84,3,D4-L3,S+W+OUT,D4-L3 -> C5-L2 -> B6-L1
NUR,2.84,3,E4-L6,S+OUT,E4-L6 -> E5-L5 -> E6-L4
SSA,2.84,3,E5-L6,W,E5-L6 -> D5-L6 -> C5-L6
BARI,2.83,4,D5-L2,N,D5-L2 -> D4-L2 -> D3-L2 -> D2-L2
CBO,2.83,3,E6-L1,N+W+IN,E6-L1 -> D5-L2 -> C4-L3
FEN,2.83,3,F3-L4,W+IN,F3-L4 -> E3-L5 -> D3-L6
GAB,2.83,3,D6-L1,N,D6-L1 -> D5-L1 -> D4-L1
NBS,2.83,3,C6-L3,N+E+OUT,C6-L3 -> D5-L2 -> E4-L1
PED,2.83,3,E2-L6,S+OUT,E2-L6 -> E3-L5 -> E4-L4
KANA,2.82,4,D2-L3,S,D2-L3 -> D3-L3 -> D4-L3 -> D5-L3
CNA,2.82,3,B1-L4,OUT,B1-L4 -> B1-L3 -> B1-L2
IIS,2.82,3,B5-L4,E+IN,B5-L4 -> C5-L5 -> D5-L6
IIS,2.82,3,A5-L5,E+OUT,A5-L5 -> B5-L4 -> C5-L3
NAE,2.82,3,C6-L3,N+E,C6-L3 -> D5-L3 -> E4-L3
NAE,2.82,3,E4-L6,W,E4-L6 -> D4-L6 -> C4-L6
NEG,2.82,3,C1-L5,W,C1-L5 -> B1-L5 -> A1-L5
NEG,2.82,3,D4-L5,N+E,D4-L5 -> E3-L5 -> F2-L5
NEG,2.82,3,F3-L6,W+OUT,F3-L6 -> E3-L5 -> D3-L4
NIM,2.82,3,B1-L3,E+OUT,B1-L3 -> C1-L2 -> D1-L1
NOI,2.82,3,D2-L5,S+W,D2-L5 -> C3-L5 -> B4-L5
NOI,2.82,3,B4-L6,N+E+OUT,B4-L6 -> C3-L5 -> D2-L4
ONI,2.82,3,B4-L2,N+E+IN,B4-L2 -> C3-L3 -> D2-L4
ONI,2.82,3,D1-L5,E,D1-L5 -> E1-L5 -> F1-L5
PTO,2.82,3,F6-L3,IN,F6-L3 -> F6-L4 -> F6-L5
RTE,2.82,3,E6-L3,W+IN,E6-L3 -> D6-L4 -> C6-L5
RTE,2.82,3,E6-L3,N+IN,E6-L3 -> E5-L4 -> E4-L5
SCC,2.82,3,E4-L1,S,E4-L1 -> E5-L1 -> E6-L1
AEC,2.81,3,D4-L4,E+OUT,D4-L4 -> E4-L3 -> F4-L2
PON,2.81,3,A1-L2,IN,A1-L2 -> A1-L3 -> A1-L4
RAB,2.81,3,D3-L2,S,D3-L2 -> D4-L2 -> D5-L2
TET,2.81,3,E5-L4,N+IN,E5-L4 -> E4-L5 -> E3-L6
TET,2.81,3,D6-L4,W+IN,D6-L4 -> C6-L5 -> B6-L6
TET,2.81,3,E3-L6,S+OUT,E3-L6 -> E4-L5 -> E5-L4
TET,2.81,3,B6-L6,E+OUT,B6-L6 -> C6-L5 -> D6-L4
EAS,2.80,3,E3-L5,S+W+OUT,E3-L5 -> D4-L4 -> C5-L3
NAC,2.80,3,B1-L3,OUT,B1-L3 -> B1-L2 -> B1-L1
NAC,2.80,3,C3-L3,S+E+OUT,C3-L3 -> D4-L2 -> E5-L1
NOE,2.80,3,D4-L5,N+W,D4-L5 -> C3-L5 -> B2-L5
REE,2.80,3,C2-L4,S+W+IN,C2-L4 -> B3-L5 -> A4-L6
WOL,2.80,3,C3-L6,E+OUT,C3-L6 -> D3-L5 -> E3-L4
BIA,2.79,3,B3-L1,E+IN,B3-L1 -> C3-L2 -> D3-L3
BIA,2.79,3,D4-L1,N+W+IN,D4-L1 -> C3-L2 -> B2-L3
CEL,2.79,3,C2-L5,S+W,C2-L5 -> B3-L5 -> A4-L5
EIS,2.79,3,A3-L6,S+E+OUT,A3-L6 -> B4-L5 -> C5-L4
IGA,2.79,3,D2-L4,S,D2-L4 -> D3-L4 -> D4-L4
ILO,2.79,3,D2-L4,S+E,D2-L4 -> E3-L4 -> F4-L4
ILO,2.79,3,A5-L5,OUT,A5-L5 -> A5-L4 -> A5-L3
SCP,2.79,3,F4-L1,S+IN,F4-L1 -> F5-L2 -> F6-L3
SOR,2.79,3,E4-L1,N+IN,E4-L1 -> E3-L2 -> E2-L3
SOR,2.79,3,B5-L2,N+E,B5-L2 -> C4-L2 -> D3-L2
BAP,2.78,3,D4-L1,S+E+IN,D4-L1 -> E5-L2 -> F6-L3
ESO,2.78,3,A6-L2,N+E,A6-L2 -> B5-L2 -> C4-L2
ESO,2.78,3,C6-L5,N+OUT,C6-L5 -> C5-L4 -> C4-L3
ESO,2.78,3,A3-L6,N+E,A3-L6 -> B2-L6 -> C1-L6
ICP,2.78,3,D2-L6,W+OUT,D2-L6 -> C2-L5 -> B2-L4
ISU,2.78,3,A5-L2,E,A5-L2 -> B5-L2 -> C5-L2
MSF,2.78,3,C6-L1,N+W+IN,C6-L1 -> B5-L2 -> A4-L3
NAR,2.78,3,F2-L4,OUT,F2-L4 -> F2-L3 -> F2-L2
NAR,2.78,3,B4-L6,S+E,B4-L6 -> C5-L6 -> D6-L6
TCA,2.78,3,E5-L4,OUT,E5-L4 -> E5-L3 -> E5-L2
TCA,2.78,3,D6-L4,N,D6-L4 -> D5-L4 -> D4-L4
TCA,2.78,3,F6-L4,N+W+OUT,F6-L4 -> E5-L3 -> D4-L2
TIG,2.78,3,B5-L6,N+E+OUT,B5-L6 -> C4-L5 -> D3-L4
WEL,2.78,3,C3-L1,W+IN,C3-L1 -> B3-L2 -> A3-L3
ABO,2.77,3,E6-L2,N+W,E6-L2 -> D5-L2 -> C4-L2
DAP,2.77,3,C3-L4,N+W+OUT,C3-L4 -> B2-L3 -> A1-L2
EEA,2.77,3,A2-L2,S,A2-L2 -> A3-L2 -> A4-L2
EEA,2.77,3,B6-L5,E,B6-L5 -> C6-L5 -> D6-L5
EEA,2.77,3,F2-L6,S+W+OUT,F2-L6 -> E3-L5 -> D4-L4
INI,2.77,3,D2-L4,IN,D2-L4 -> D2-L5 -> D2-L6
INI,2.77,3,D2-L6,OUT,D2-L6 -> D2-L5 -> D2-L4
INR,2.77,3,F3-L5,N+OUT,F3-L5 -> F2-L4 -> F1-L3
NEB,2.77,3,C3-L3,W+OUT,C3-L3 -> B3-L2 -> A3-L1
PAG,2.77,3,F6-L3,W+OUT,F6-L3 -> E6-L2 -> D6-L1
RCS,2.77,3,F5-L3,OUT,F5-L3 -> F5-L2 -> F5-L1
ROG,2.77,3,D1-L3,E+OUT,D1-L3 -> E1-L2 -> F1-L1
ROG,2.77,3,B3-L6,E+OUT,B3-L6 -> C3-L5 -> D3-L4
UBI,2.77,3,C5-L2,N+W+IN,C5-L2 -> B4-L3 -> A3-L4
ADL,2.76,3,D3-L3,S+E+IN,D3-L3 -> E4-L4 -> F5-L5
AIT,2.76,3,D4-L4,S+W+IN,D4-L4 -> C5-L5 -> B6-L6
ECE,2.76,3,E4-L3,S+W+IN,E4-L3 -> D5-L4 -> C6-L5
ECE,2.76,3,C6-L5,N+E+OUT,C6-L5 -> D5-L4 -> E4-L3
HOB,2.76,3,F4-L3,N+W+OUT,F4-L3 -> E3-L2 -> D2-L1
HOB,2.76,3,B5-L3,N+OUT,B5-L3 -> B4-L2 -> B3-L1
KER,2.76,3,B6-L4,E+IN,B6-L4 -> C6-L5 -> D6-L6
MIU,2.76,3,E2-L5,W+OUT,E2-L5 -> D2-L4 -> C2-L3
NAA,2.76,3,B1-L3,S,B1-L3 -> B2-L3 -> B3-L3
NCA,2.76,3,D4-L3,S+IN,D4-L3 -> D5-L4 -> D6-L5
OSA,2.76,3,B6-L2,N+E+IN,B6-L2 -> C5-L3 -> D4-L4
OSA,2.76,3,C6-L2,N+W,C6-L2 -> B5-L2 -> A4-L2
RTD,2.76,3,E6-L4,N,E6-L4 -> E5-L4 -> E4-L4
ASO,2.75,3,A4-L2,S+E,A4-L2 -> B5-L2 -> C6-L2
ASO,2.75,3,D4-L4,S+W+OUT,D4-L4 -> C5-L3 -> B6-L2
ILS,2.75,3,A3-L4,S+E,A3-L4 -> B4-L4 -> C5-L4
PIM,2.75,3,E1-L1,W+IN,E1-L1 -> D1-L2 -> C1-L3
YAR,2.75,3,C6-L6,E+OUT,C6-L6 -> D6-L5 -> E6-L4
FES,2.74,3,F3-L4,S+W+IN,F3-L4 -> E4-L5 -> D5-L6
NCC,2.74,3,D3-L6,N+W+OUT,D3-L6 -> C2-L5 -> B1-L4
INCE,2.73,4,D6-L3,W,D6-L3 -> C6-L3 -> B6-L3 -> A6-L3
AER,2.73,3,D3-L3,S+E,D3-L3 -> E4-L3 -> F5-L3
AGI,2.73,3,D4-L4,N,D4-L4 -> D3-L4 -> D2-L4
ARO,2.73,3,F1-L2,S,F1-L2 -> F2-L2 -> F3-L2
ARO,2.73,3,F6-L2,N+IN,F6-L2 -> F5-L3 -> F4-L4
ARO,2.73,3,F2-L3,OUT,F2-L3 -> F2-L2 -> F2-L1
ARO,2.73,3,B3-L3,N+E+IN,B3-L3 -> C2-L4 -> D1-L5
ARO,2.73,3,E1-L4,W,E1-L4 -> D1-L4 -> C1-L4
ARO,2.73,3,E1-L4,S+OUT,E1-L4 -> E2-L3 -> E3-L2
CRE,2.73,3,C2-L1,S+E+IN,C2-L1 -> D3-L2 -> E4-L3
CRU,2.73,3,C2-L5,OUT,C2-L5 -> C2-L4 -> C2-L3
CSM,2.73,3,F3-L1,N+W,F3-L1 -> E2-L1 -> D1-L1
LAR,2.73,3,F1-L4,W,F1-L4 -> E1-L4 -> D1-L4
LAR,2.73,3,B4-L4,N+OUT,B4-L4 -> B3-L3 -> B2-L2
NWS,2.73,3,D4-L3,E+OUT,D4-L3 -> E4-L2 -> F4-L1
OBA,2.73,3,C4-L2,S+E,C4-L2 -> D5-L2 -> E6-L2
TPA,2.73,3,F6-L4,OUT,F6-L4 -> F6-L3 -> F6-L2
TETRA,2.72,5,B6-L6,E+OUT,B6-L6 -> C6-L5 -> D6-L4 -> E6-L3 -> F6-L2
DCA,2.72,3,E4-L4,S+OUT,E4-L4 -> E5-L3 -> E6-L2
EDA,2.72,3,B3-L5,E+OUT,B3-L5 -> C3-L4 -> D3-L3
GRA,2.72,3,B2-L1,IN,B2-L1 -> B2-L2 -> B2-L3
GRA,2.72,3,D3-L4,N+E+OUT,D3-L4 -> E2-L3 -> F1-L2
NHK,2.72,3,C3-L3,N+OUT,C3-L3 -> C2-L2 -> C1-L1
POA,2.72,3,B2-L4,S+E+IN,B2-L4 -> C3-L5 -> D4-L6
OLIN,2.71,4,A5-L3,IN,A5-L3 -> A5-L4 -> A5-L5 -> A5-L6
AKU,2.71,3,B3-L3,S+E+IN,B3-L3 -> C4-L4 -> D5-L5
CSE,2.71,3,C4-L1,S+W+IN,C4-L1 -> B5-L2 -> A6-L3
EEE,2.71,3,A2-L4,S+E+IN,A2-L4 -> B3-L5 -> C4-L6
EEE,2.71,3,B1-L5,S,B1-L5 -> B2-L5 -> B3-L5
EEE,2.71,3,B3-L5,N,B3-L5 -> B2-L5 -> B1-L5
EEE,2.71,3,C4-L6,N+W+OUT,C4-L6 -> B3-L5 -> A2-L4
ENE,2.71,3,A4-L6,S,A4-L6 -> A5-L6 -> A6-L6
ENE,2.71,3,A4-L6,E,A4-L6 -> B4-L6 -> C4-L6
ENE,2.71,3,C4-L6,W,C4-L6 -> B4-L6 -> A4-L6
ENE,2.71,3,A6-L6,N,A6-L6 -> A5-L6 -> A4-L6
MRC,2.71,3,C6-L1,N,C6-L1 -> C5-L1 -> C4-L1
OLI,2.71,3,A5-L3,IN,A5-L3 -> A5-L4 -> A5-L5
OLI,2.71,3,F4-L4,N+W,F4-L4 -> E3-L4 -> D2-L4
RHS,2.71,3,E2-L3,OUT,E2-L3 -> E2-L2 -> E2-L1
SCO,2.71,3,F4-L1,N,F4-L1 -> F3-L1 -> F2-L1
TEO,2.71,3,E5-L4,N+OUT,E5-L4 -> E4-L3 -> E3-L2
TOA,2.71,3,B5-L1,N+IN,B5-L1 -> B4-L2 -> B3-L3
TOA,2.71,3,B5-L1,N+E+IN,B5-L1 -> C4-L2 -> D3-L3
TOA,2.71,3,A6-L4,N+OUT,A6-L4 -> A5-L3 -> A4-L2
ARP,2.70,3,D6-L5,E+OUT,D6-L5 -> E6-L4 -> F6-L3
EON,2.70,3,B2-L5,S+E,B2-L5 -> C3-L5 -> D4-L5
GOB,2.70,3,B4-L1,IN,B4-L1 -> B4-L2 -> B4-L3
GTR,2.70,3,B4-L1,S,B4-L1 -> B5-L1 -> B6-L1
IBD,2.70,3,A5-L2,N+E+IN,A5-L2 -> B4-L3 -> C3-L4
LIK,2.70,3,E1-L3,W+OUT,E1-L3 -> D1-L2 -> C1-L1
LIK,2.70,3,B4-L4,S,B4-L4 -> B5-L4 -> B6-L4
LOP,2.70,3,E1-L3,OUT,E1-L3 -> E1-L2 -> E1-L1
ORANG,2.69,5,F2-L1,IN,F2-L1 -> F2-L2 -> F2-L3 -> F2-L4 -> F2-L5
CEN,2.69,3,D5-L4,N+E+IN,D5-L4 -> E4-L5 -> F3-L6
CEN,2.69,3,F1-L6,S,F1-L6 -> F2-L6 -> F3-L6
ETO,2.69,3,E4-L3,S+IN,E4-L3 -> E5-L4 -> E6-L5
LIC,2.69,3,F1-L4,IN,F1-L4 -> F1-L5 -> F1-L6
NOO,2.69,3,B1-L3,E+IN,B1-L3 -> C1-L4 -> D1-L5
NOO,2.69,3,D4-L3,N+E+OUT,D4-L3 -> E3-L2 -> F2-L1
NOO,2.69,3,F3-L6,S+OUT,F3-L6 -> F4-L5 -> F5-L4
NPD,2.69,3,A1-L4,S+E,A1-L4 -> B2-L4 -> C3-L4
OOT,2.69,3,F4-L4,S,F4-L4 -> F5-L4 -> F6-L4
REO,2.69,3,B2-L2,S,B2-L2 -> B3-L2 -> B4-L2
REO,2.69,3,D3-L2,S+E+IN,D3-L2 -> E4-L3 -> F5-L4
ROA,2.69,3,F2-L2,S+W,F2-L2 -> E3-L2 -> D4-L2
RINA,2.68,4,D1-L6,S,D1-L6 -> D2-L6 -> D3-L6 -> D4-L6
TODA,2.68,4,E3-L6,W+OUT,E3-L6 -> D3-L5 -> C3-L4 -> B3-L3
BEF,2.68,3,D5-L2,N+E+IN,D5-L2 -> E4-L3 -> F3-L4
EEK,2.68,3,A6-L6,E+OUT,A6-L6 -> B6-L5 -> C6-L4
IHS,2.68,3,A5-L2,E+IN,A5-L2 -> B5-L3 -> C5-L4
IHS,2.68,3,B5-L4,OUT,B5-L4 -> B5-L3 -> B5-L2
IHS,2.68,3,D2-L6,W,D2-L6 -> C2-L6 -> B2-L6
NAU,2.68,3,C3-L3,S+E+IN,C3-L3 -> D4-L4 -> E5-L5
RSL,2.68,3,D6-L6,N+E,D6-L6 -> E5-L6 -> F4-L6
TUA,2.68,3,B5-L1,E+IN,B5-L1 -> C5-L2 -> D5-L3
TUA,2.68,3,E5-L4,W+IN,E5-L4 -> D5-L5 -> C5-L6
TUA,2.68,3,D6-L4,N+IN,D6-L4 -> D5-L5 -> D4-L6
TUA,2.68,3,F6-L4,N+W+IN,F6-L4 -> E5-L5 -> D4-L6
WID,2.68,3,C3-L6,N+E,C3-L6 -> D2-L6 -> E1-L6
ACR,2.67,3,D5-L3,E,D5-L3 -> E5-L3 -> F5-L3
BCA,2.67,3,B3-L1,S+E,B3-L1 -> C4-L1 -> D5-L1
GOR,2.67,3,F1-L1,W+IN,F1-L1 -> E1-L2 -> D1-L3
GOR,2.67,3,D3-L4,W+IN,D3-L4 -> C3-L5 -> B3-L6
ILA,2.67,3,F3-L5,W+OUT,F3-L5 -> E3-L4 -> D3-L3
IOM,2.67,3,C4-L5,N+E,C4-L5 -> D3-L5 -> E2-L5
NME,2.67,3,E1-L5,S,E1-L5 -> E2-L5 -> E3-L5
NTA,2.67,3,A5-L6,E,A5-L6 -> B5-L6 -> C5-L6
OCC,2.67,3,F3-L2,S,F3-L2 -> F4-L2 -> F5-L2
TCS,2.67,3,E5-L4,W,E5-L4 -> D5-L4 -> C5-L4
TIO,2.67,3,E3-L6,N+W,E3-L6 -> D2-L6 -> C1-L6
DRAGO,2.66,5,D3-L1,IN,D3-L1 -> D3-L2 -> D3-L3 -> D3-L4 -> D3-L5
GARD,2.66,4,D3-L4,OUT,D3-L4 -> D3-L3 -> D3-L2 -> D3-L1
AAU,2.66,3,F6-L2,W,F6-L2 -> E6-L2 -> D6-L2
AAU,2.66,3,D3-L3,S+IN,D3-L3 -> D4-L4 -> D5-L5
AAU,2.66,3,D4-L4,S+OUT,D4-L4 -> D5-L3 -> D6-L2
CEA,2.66,3,F4-L2,W+IN,F4-L2 -> E4-L3 -> D4-L4
EAC,2.66,3,B3-L2,N+IN,B3-L2 -> B2-L3 -> B1-L4
EAC,2.66,3,E4-L3,W+OUT,E4-L3 -> D4-L2 -> C4-L1
EAC,2.66,3,E4-L3,S+OUT,E4-L3 -> E5-L2 -> E6-L1
ERC,2.66,3,E4-L3,N+W+OUT,E4-L3 -> D3-L2 -> C2-L1
FIB,2.66,3,A4-L3,S+OUT,A4-L3 -> A5-L2 -> A6-L1
INO,2.66,3,D2-L4,S+W+OUT,D2-L4 -> C3-L3 -> B4-L2
INO,2.66,3,F1-L5,W,F1-L5 -> E1-L5 -> D1-L5
ISC,2.66,3,B5-L4,E,B5-L4 -> C5-L4 -> D5-L4
NIR,2.66,3,C6-L3,E,C6-L3 -> D6-L3 -> E6-L3
NIR,2.66,3,D3-L6,N,D3-L6 -> D2-L6 -> D1-L6
OOC,2.66,3,C4-L3,OUT,C4-L3 -> C4-L2 -> C4-L1
SND,2.66,3,E5-L6,N+W+OUT,E5-L6 -> D4-L5 -> C3-L4
TSN,2.66,3,E6-L6,N,E6-L6 -> E5-L6 -> E4-L6
ALO,2.65,3,E1-L4,OUT,E1-L4 -> E1-L3 -> E1-L2
CBR,2.65,3,C4-L1,S+E+IN,C4-L1 -> D5-L2 -> E6-L3
CBR,2.65,3,E5-L3,W+OUT,E5-L3 -> D5-L2 -> C5-L1
HEA,2.65,3,C2-L2,S+W,C2-L2 -> B3-L2 -> A4-L2
KAO,2.65,3,C1-L1,W+IN,C1-L1 -> B1-L2 -> A1-L3
NAK,2.65,3,D4-L3,N,D4-L3 -> D3-L3 -> D2-L3
NOB,2.65,3,D4-L3,W,D4-L3 -> C4-L3 -> B4-L3
NOB,2.65,3,C6-L3,W+OUT,C6-L3 -> B6-L2 -> A6-L1
OAS,2.65,3,C4-L3,N+W,C4-L3 -> B3-L3 -> A2-L3
OAS,2.65,3,C4-L3,E+OUT,C4-L3 -> D4-L2 -> E4-L1
OUI,2.65,3,C1-L4,S+OUT,C1-L4 -> C2-L3 -> C3-L2
OUI,2.65,3,E6-L5,N+W,E6-L5 -> D5-L5 -> C4-L5
TUK,2.65,3,E6-L6,N+W+OUT,E6-L6 -> D5-L5 -> C4-L4
USL,2.65,3,D6-L2,N+W+IN,D6-L2 -> C5-L3 -> B4-L4
ASR,2.64,3,D5-L3,W+IN,D5-L3 -> C5-L4 -> B5-L5
ASR,2.64,3,D4-L6,S,D4-L6 -> D5-L6 -> D6-L6
BCG,2.64,3,D2-L1,W,D2-L1 -> C2-L1 -> B2-L1
BCG,2.64,3,D4-L1,W,D4-L1 -> C4-L1 -> B4-L1
DOU,2.64,3,C3-L4,S+OUT,C3-L4 -> C4-L3 -> C5-L2
HSA,2.64,3,B5-L3,E,B5-L3 -> C5-L3 -> D5-L3
HST,2.64,3,B5-L3,OUT,B5-L3 -> B5-L2 -> B5-L1
HST,2.64,3,C2-L6,W,C2-L6 -> B2-L6 -> A2-L6
LOI,2.64,3,B4-L4,N+E+IN,B4-L4 -> C3-L5 -> D2-L6
LOI,2.64,3,A5-L4,OUT,A5-L4 -> A5-L3 -> A5-L2
LOI,2.64,3,F5-L5,N,F5-L5 -> F4-L5 -> F3-L5
NCO,2.64,3,A1-L4,E,A1-L4 -> B1-L4 -> C1-L4
NCO,2.64,3,C1-L5,W+OUT,C1-L5 -> B1-L4 -> A1-L3
NCO,2.64,3,C1-L5,S,C1-L5 -> C2-L5 -> C3-L5
OSO,2.64,3,B4-L2,S,B4-L2 -> B5-L2 -> B6-L2
OSO,2.64,3,B6-L2,N,B6-L2 -> B5-L2 -> B4-L2
SSB,2.64,3,F4-L1,W,F4-L1 -> E4-L1 -> D4-L1
VIT,2.64,3,B3-L4,S+IN,B3-L4 -> B4-L5 -> B5-L6
BANA,2.63,4,D4-L1,IN,D4-L1 -> D4-L2 -> D4-L3 -> D4-L4
DOON,2.63,4,E1-L6,W+OUT,E1-L6 -> D1-L5 -> C1-L4 -> B1-L3
AEG,2.63,3,B2-L3,S+OUT,B2-L3 -> B3-L2 -> B4-L1
EDN,2.63,3,B2-L5,S+E+OUT,B2-L5 -> C3-L4 -> D4-L3
EKE,2.63,3,A6-L3,E+IN,A6-L3 -> B6-L4 -> C6-L5
EKE,2.63,3,C6-L5,W+OUT,C6-L5 -> B6-L4 -> A6-L3
GCS,2.63,3,D6-L1,N+E,D6-L1 -> E5-L1 -> F4-L1
IFF,2.63,3,F3-L5,OUT,F3-L5 -> F3-L4 -> F3-L3
NEP,2.63,3,B4-L6,N+OUT,B4-L6 -> B3-L5 -> B2-L4
NEZ,2.63,3,C1-L5,S+W,C1-L5 -> B2-L5 -> A3-L5
OPI,2.63,3,C1-L4,S+W,C1-L4 -> B2-L4 -> A3-L4
OTP,2.63,3,F6-L5,OUT,F6-L5 -> F6-L4 -> F6-L3
TYR,2.63,3,B6-L6,E,B6-L6 -> C6-L6 -> D6-L6
NEET,2.62,4,A5-L6,N,A5-L6 -> A4-L6 -> A3-L6 -> A2-L6
AAR,2.62,3,D5-L1,E+IN,D5-L1 -> E5-L2 -> F5-L3
AAR,2.62,3,A4-L2,N+E+IN,A4-L2 -> B3-L3 -> C2-L4
ANE,2.62,3,C5-L6,N+W,C5-L6 -> B4-L6 -> A3-L6
AUT,2.62,3,D5-L3,W+OUT,D5-L3 -> C5-L2 -> B5-L1
AUT,2.62,3,D4-L6,S+OUT,D4-L6 -> D5-L5 -> D6-L4
AUT,2.62,3,D4-L6,S+E+OUT,D4-L6 -> E5-L5 -> F6-L4
AUT,2.62,3,C5-L6,E+OUT,C5-L6 -> D5-L5 -> E5-L4
DLL,2.62,3,C3-L4,S+W,C3-L4 -> B4-L4 -> A5-L4
FIE,2.62,3,A4-L3,S+E+IN,A4-L3 -> B5-L4 -> C6-L5
FIE,2.62,3,A4-L4,N,A4-L4 -> A3-L4 -> A2-L4
FIE,2.62,3,A4-L4,S+IN,A4-L4 -> A5-L5 -> A6-L6
FIE,2.62,3,A4-L4,E+IN,A4-L4 -> B4-L5 -> C4-L6
MHA,2.62,3,D1-L1,S+W+IN,D1-L1 -> C2-L2 -> B3-L3
NOG,2.62,3,D4-L3,W+OUT,D4-L3 -> C4-L2 -> B4-L1
NOG,2.62,3,D3-L6,OUT,D3-L6 -> D3-L5 -> D3-L4
SWE,2.62,3,E4-L1,IN,E4-L1 -> E4-L2 -> E4-L3
WEA,2.62,3,C3-L6,S,C3-L6 -> C4-L6 -> C5-L6
TASS,2.61,4,B5-L6,E,B5-L6 -> C5-L6 -> D5-L6 -> E5-L6
AKE,2.61,3,D5-L3,N+W+IN,D5-L3 -> C4-L4 -> B3-L5
AOA,2.61,3,D5-L1,N+W+IN,D5-L1 -> C4-L2 -> B3-L3
AOA,2.61,3,B3-L3,S+E+OUT,B3-L3 -> C4-L2 -> D5-L1
AOA,2.61,3,B3-L3,S+E,B3-L3 -> C4-L3 -> D5-L3
AOA,2.61,3,D5-L3,N+W,D5-L3 -> C4-L3 -> B3-L3
AOI,2.61,3,F1-L2,W,F1-L2 -> E1-L2 -> D1-L2
AOI,2.61,3,D4-L4,N+IN,D4-L4 -> D3-L5 -> D2-L6
AOI,2.61,3,D4-L6,N+OUT,D4-L6 -> D3-L5 -> D2-L4
ARN,2.61,3,B2-L3,E+IN,B2-L3 -> C2-L4 -> D2-L5
ASB,2.61,3,D6-L5,N+W+OUT,D6-L5 -> C5-L4 -> B4-L3
IWC,2.61,3,E3-L3,S+OUT,E3-L3 -> E4-L2 -> E5-L1
MIE,2.61,3,C1-L3,S+E+IN,C1-L3 -> D2-L4 -> E3-L5
NEH,2.61,3,D4-L3,E,D4-L3 -> E4-L3 -> F4-L3
RMA,2.61,3,D1-L4,W+OUT,D1-L4 -> C1-L3 -> B1-L2
WNT,2.61,3,C3-L6,E,C3-L6 -> D3-L6 -> E3-L6
WNT,2.61,3,C3-L6,S+E+OUT,C3-L6 -> D4-L5 -> E5-L4
DRU,2.60,3,A2-L1,E+IN,A2-L1 -> B2-L2 -> C2-L3
ECR,2.60,3,E4-L3,S,E4-L3 -> E5-L3 -> E6-L3
IMC,2.60,3,D1-L2,W+IN,D1-L2 -> C1-L3 -> B1-L4
IME,2.60,3,D2-L4,E+IN,D2-L4 -> E2-L5 -> F2-L6
WAA,2.60,3,E4-L2,S,E4-L2 -> E5-L2 -> E6-L2
NASR,2.59,4,D3-L6,S,D3-L6 -> D4-L6 -> D5-L6 -> D6-L6
ORAN,2.59,4,F2-L1,IN,F2-L1 -> F2-L2 -> F2-L3 -> F2-L4
AOS,2.59,3,F2-L3,S+OUT,F2-L3 -> F3-L2 -> F4-L1
AOS,2.59,3,D4-L4,N+W+IN,D4-L4 -> C3-L5 -> B2-L6
GPM,2.59,3,F1-L1,W,F1-L1 -> E1-L1 -> D1-L1
IVA,2.59,3,B4-L5,N+OUT,B4-L5 -> B3-L4 -> B2-L3
NEI,2.59,3,A1-L4,S,A1-L4 -> A2-L4 -> A3-L4
NEI,2.59,3,E4-L6,N+OUT,E4-L6 -> E3-L5 -> E2-L4
ORS,2.59,3,C4-L3,N+E+OUT,C4-L3 -> D3-L2 -> E2-L1
POON,2.58,4,F6-L3,N+IN,F6-L3 -> F5-L4 -> F4-L5 -> F3-L6
CAE,2.58,3,C4-L1,E+IN,C4-L1 -> D4-L2 -> E4-L3
CAE,2.58,3,E6-L1,N+IN,E6-L1 -> E5-L2 -> E4-L3
CAE,2.58,3,B1-L4,S+OUT,B1-L4 -> B2-L3 -> B3-L2
OKI,2.58,3,C4-L3,IN,C4-L3 -> C4-L4 -> C4-L5
WAC,2.58,3,C3-L1,S+E+IN,C3-L1 -> D4-L2 -> E5-L3
NONO,2.57,4,D4-L5,N,D4-L5 -> D3-L5 -> D2-L5 -> D1-L5
AEW,2.57,3,C5-L6,N,C5-L6 -> C4-L6 -> C3-L6
BCM,2.57,3,B3-L1,N+E,B3-L1 -> C2-L1 -> D1-L1
CAW,2.57,3,E5-L3,N+W+OUT,E5-L3 -> D4-L2 -> C3-L1
CCI,2.57,3,E5-L3,W+IN,E5-L3 -> D5-L4 -> C5-L5
DCC,2.57,3,D3-L1,N+W,D3-L1 -> C2-L1 -> B1-L1
HAK,2.57,3,E2-L2,S+W+IN,E2-L2 -> D3-L3 -> C4-L4
KNO,2.57,3,C6-L4,OUT,C6-L4 -> C6-L3 -> C6-L2
KOP,2.57,3,C4-L4,N+E+IN,C4-L4 -> D3-L5 -> E2-L6
LAV,2.57,3,A3-L3,S+OUT,A3-L3 -> A4-L2 -> A5-L1
NCI,2.57,3,D4-L5,S+OUT,D4-L5 -> D5-L4 -> D6-L3
TIK,2.57,3,A6-L4,N+E,A6-L4 -> B5-L4 -> C4-L4
ANAK,2.56,4,D5-L3,N,D5-L3 -> D4-L3 -> D3-L3 -> D2-L3
ACB,2.56,3,D5-L1,N+W,D5-L1 -> C4-L1 -> B3-L1
HOD,2.56,3,B5-L3,N+E+OUT,B5-L3 -> C4-L2 -> D3-L1
HOD,2.56,3,C2-L6,S+E+OUT,C2-L6 -> D3-L5 -> E4-L4
HRW,2.56,3,C2-L2,S+E,C2-L2 -> D3-L2 -> E4-L2
NPL,2.56,3,C1-L5,S+W+OUT,C1-L5 -> B2-L4 -> A3-L3
NRS,2.56,3,C3-L3,N+W+OUT,C3-L3 -> B2-L2 -> A1-L1
NRS,2.56,3,B4-L6,N,B4-L6 -> B3-L6 -> B2-L6
NRS,2.56,3,A5-L6,E+OUT,A5-L6 -> B5-L5 -> C5-L4
OMI,2.56,3,C1-L4,OUT,C1-L4 -> C1-L3 -> C1-L2
OMI,2.56,3,D1-L5,S+E,D1-L5 -> E2-L5 -> F3-L5
OMI,2.56,3,D3-L5,N+E,D3-L5 -> E2-L5 -> F1-L5
PLL,2.56,3,F6-L6,N,F6-L6 -> F5-L6 -> F4-L6
RCC,2.56,3,F5-L3,N+OUT,F5-L3 -> F4-L2 -> F3-L1
RUA,2.56,3,D1-L3,S+W,D1-L3 -> C2-L3 -> B3-L3
RUA,2.56,3,D6-L6,N+OUT,D6-L6 -> D5-L5 -> D4-L4
SAU,2.56,3,A2-L3,E,A2-L3 -> B2-L3 -> C2-L3
TRT,2.56,3,D6-L4,E,D6-L4 -> E6-L4 -> F6-L4
TRT,2.56,3,F6-L4,W,F6-L4 -> E6-L4 -> D6-L4
UAS,2.56,3,C2-L3,W,C2-L3 -> B2-L3 -> A2-L3
UCS,2.56,3,E5-L5,W+OUT,E5-L5 -> D5-L4 -> C5-L3
ROCCA,2.55,5,F2-L2,S,F2-L2 -> F3-L2 -> F4-L2 -> F5-L2 -> F6-L2
SANI,2.55,4,D5-L6,N,D5-L6 -> D4-L6 -> D3-L6 -> D2-L6
ERI,2.55,3,A3-L2,N+E,A3-L2 -> B2-L2 -> C1-L2
ERI,2.55,3,B6-L5,N,B6-L5 -> B5-L5 -> B4-L5
ERI,2.55,3,A1-L6,S+OUT,A1-L6 -> A2-L5 -> A3-L4
FEA,2.55,3,F3-L3,S+W,F3-L3 -> E4-L3 -> D5-L3
IRI,2.55,3,A5-L5,E,A5-L5 -> B5-L5 -> C5-L5
IRI,2.55,3,C5-L5,W,C5-L5 -> B5-L5 -> A5-L5
KET,2.55,3,C4-L4,N+W+IN,C4-L4 -> B3-L5 -> A2-L6
KET,2.55,3,B6-L4,IN,B6-L4 -> B6-L5 -> B6-L6
KSA,2.55,3,B6-L4,N+E+OUT,B6-L4 -> C5-L3 -> D4-L2
KSA,2.55,3,B6-L4,N+E,B6-L4 -> C5-L4 -> D4-L4
MUR,2.55,3,C6-L1,E+IN,C6-L1 -> D6-L2 -> E6-L3
NCP,2.55,3,D4-L3,S+E,D4-L3 -> E5-L3 -> F6-L3
RIE,2.55,3,D3-L2,W,D3-L2 -> C3-L2 -> B3-L2
RIE,2.55,3,E2-L3,S,E2-L3 -> E3-L3 -> E4-L3
RIE,2.55,3,B5-L5,N,B5-L5 -> B4-L5 -> B3-L5
TWC,2.55,3,E3-L1,S+IN,E3-L1 -> E4-L2 -> E5-L3
RIAA,2.54,4,B2-L2,S+E,B2-L2 -> C3-L2 -> D4-L2 -> E5-L2
TRAC,2.54,4,B5-L1,E,B5-L1 -> C5-L1 -> D5-L1 -> E5-L1
CWA,2.54,3,F3-L1,S+W+IN,F3-L1 -> E4-L2 -> D5-L3
CWA,2.54,3,F4-L2,W,F4-L2 -> E4-L2 -> D4-L2
NAL,2.54,3,C3-L3,W,C3-L3 -> B3-L3 -> A3-L3
NAL,2.54,3,D4-L3,S+E+OUT,D4-L3 -> E5-L2 -> F6-L1
NAL,2.54,3,E1-L5,OUT,E1-L5 -> E1-L4 -> E1-L3
ONN,2.54,3,C3-L5,N+E,C3-L5 -> D2-L5 -> E1-L5
ORM,2.54,3,C3-L5,N+OUT,C3-L5 -> C2-L4 -> C1-L3
RAA,2.54,3,F5-L3,W+OUT,F5-L3 -> E5-L2 -> D5-L1
RAA,2.54,3,C2-L4,S+W+OUT,C2-L4 -> B3-L3 -> A4-L2
SLI,2.54,3,C5-L4,N+W,C5-L4 -> B4-L4 -> A3-L4
MOIR,2.53,4,E2-L5,S+W,E2-L5 -> D3-L5 -> C4-L5 -> B5-L5
BHA,2.53,3,D2-L1,W+IN,D2-L1 -> C2-L2 -> B2-L3
BHA,2.53,3,D2-L1,E+IN,D2-L1 -> E2-L2 -> F2-L3
CSG,2.53,3,B6-L3,N+OUT,B6-L3 -> B5-L2 -> B4-L1
IAA,2.53,3,D2-L2,S+IN,D2-L2 -> D3-L3 -> D4-L4
IAA,2.53,3,C3-L2,S+E,C3-L2 -> D4-L2 -> E5-L2
IAA,2.53,3,D2-L4,S+OUT,D2-L4 -> D3-L3 -> D4-L2
IIA,2.53,3,D1-L2,W,D1-L2 -> C1-L2 -> B1-L2
IIA,2.53,3,A3-L4,S+E+IN,A3-L4 -> B4-L5 -> C5-L6
IIA,2.53,3,F1-L5,S+W+OUT,F1-L5 -> E2-L4 -> D3-L3
IIA,2.53,3,B4-L5,S+E,B4-L5 -> C5-L5 -> D6-L5
NID,2.53,3,A5-L6,N+E+OUT,A5-L6 -> B4-L5 -> C3-L4
NTT,2.53,3,B4-L6,S,B4-L6 -> B5-L6 -> B6-L6
RAL,2.53,3,B2-L2,S+IN,B2-L2 -> B3-L3 -> B4-L4
RAL,2.53,3,D1-L4,E,D1-L4 -> E1-L4 -> F1-L4
TAA,2.53,3,D6-L4,N+OUT,D6-L4 -> D5-L3 -> D4-L2
TAA,2.53,3,E3-L6,S+W,E3-L6 -> D4-L6 -> C5-L6
TAA,2.53,3,B6-L6,N+E,B6-L6 -> C5-L6 -> D4-L6
GORO,2.52,4,F1-L1,W+IN,F1-L1 -> E1-L2 -> D1-L3 -> C1-L4
AAN,2.52,3,B3-L3,N,B3-L3 -> B2-L3 -> B1-L3
ABH,2.52,3,B3-L3,S,B3-L3 -> B4-L3 -> B5-L3
DRA,2.52,3,D3-L1,IN,D3-L1 -> D3-L2 -> D3-L3
DVI,2.52,3,C3-L4,W,C3-L4 -> B3-L4 -> A3-L4
EPR,2.52,3,A2-L4,E,A2-L4 -> B2-L4 -> C2-L4
ERT,2.52,3,A2-L4,IN,A2-L4 -> A2-L5 -> A2-L6
ERT,2.52,3,C4-L6,N+W,C4-L6 -> B3-L6 -> A2-L6
ERT,2.52,3,C4-L6,S+W+OUT,C4-L6 -> B5-L5 -> A6-L4
GIR,2.52,3,D3-L4,N,D3-L4 -> D2-L4 -> D1-L4
GSC,2.52,3,B4-L1,S+IN,B4-L1 -> B5-L2 -> B6-L3
IAP,2.52,3,C1-L2,W,C1-L2 -> B1-L2 -> A1-L2
IVS,2.52,3,C4-L5,N+W+OUT,C4-L5 -> B3-L4 -> A2-L3
OIC,2.52,3,C4-L3,N+OUT,C4-L3 -> C3-L2 -> C2-L1
VSS,2.52,3,A5-L1,E+IN,A5-L1 -> B5-L2 -> C5-L3
CAG,2.51,3,D5-L4,N,D5-L4 -> D4-L4 -> D3-L4
ECK,2.51,3,A6-L2,E+IN,A6-L2 -> B6-L3 -> C6-L4
IUD,2.51,3,C1-L2,S+IN,C1-L2 -> C2-L3 -> C3-L4
NRI,2.51,3,F2-L4,W+OUT,F2-L4 -> E2-L3 -> D2-L2
PNR,2.51,3,E2-L6,W+OUT,E2-L6 -> D2-L5 -> C2-L4
PTR,2.51,3,F6-L6,W,F6-L6 -> E6-L6 -> D6-L6
RIF,2.51,3,D3-L2,E+IN,D3-L2 -> E3-L3 -> F3-L4
RIF,2.51,3,D1-L4,S+E,D1-L4 -> E2-L4 -> F3-L4
RIF,2.51,3,A2-L5,S+OUT,A2-L5 -> A3-L4 -> A4-L3
SCG,2.51,3,F4-L1,S+W,F4-L1 -> E5-L1 -> D6-L1
SWA,2.51,3,F5-L1,N+W+IN,F5-L1 -> E4-L2 -> D3-L3
SWA,2.51,3,B2-L6,S+E,B2-L6 -> C3-L6 -> D4-L6
TMA,2.51,3,E3-L6,N+OUT,E3-L6 -> E2-L5 -> E1-L4
TSO,2.51,3,D6-L4,N+W+OUT,D6-L4 -> C5-L3 -> B4-L2
WBO,2.51,3,E4-L2,S+W,E4-L2 -> D5-L2 -> C6-L2
AOR,2.50,3,D4-L2,N+E,D4-L2 -> E3-L2 -> F2-L2
ARL,2.50,3,F1-L2,IN,F1-L2 -> F1-L3 -> F1-L4
ARL,2.50,3,C5-L6,W+OUT,C5-L6 -> B5-L5 -> A5-L4
CCR,2.50,3,F3-L1,S+IN,F3-L1 -> F4-L2 -> F5-L3
FSM,2.50,3,A4-L3,S+E+OUT,A4-L3 -> B5-L2 -> C6-L1
BCL,2.49,3,D4-L1,S+E,D4-L1 -> E5-L1 -> F6-L1
ENA,2.49,3,A3-L6,S+E,A3-L6 -> B4-L6 -> C5-L6
ENI,2.49,3,E3-L5,S+W,E3-L5 -> D4-L5 -> C5-L5
ENI,2.49,3,E4-L5,W,E4-L5 -> D4-L5 -> C4-L5
GRC,2.49,3,D3-L4,N+W,D3-L4 -> C2-L4 -> B1-L4
KHA,2.49,3,C6-L4,N+W+OUT,C6-L4 -> B5-L3 -> A4-L2
LRA,2.49,3,F1-L4,OUT,F1-L4 -> F1-L3 -> F1-L2
LRA,2.49,3,A5-L4,E+IN,A5-L4 -> B5-L5 -> C5-L6
OOD,2.49,3,C1-L4,E+IN,C1-L4 -> D1-L5 -> E1-L6
SNO,2.49,3,C5-L4,N+E+OUT,C5-L4 -> D4-L3 -> E3-L2
TUS,2.49,3,E5-L4,IN,E5-L4 -> E5-L5 -> E5-L6
TORR,2.48,4,E6-L6,OUT,E6-L6 -> E6-L5 -> E6-L4 -> E6-L3
AOT,2.48,3,A4-L2,S+IN,A4-L2 -> A5-L3 -> A6-L4
AOT,2.48,3,B3-L3,S+OUT,B3-L3 -> B4-L2 -> B5-L1
AOT,2.48,3,D3-L3,S+W+OUT,D3-L3 -> C4-L2 -> B5-L1
EZE,2.48,3,A2-L4,S+IN,A2-L4 -> A3-L5 -> A4-L6
EZE,2.48,3,A4-L6,N+OUT,A4-L6 -> A3-L5 -> A2-L4
KAH,2.48,3,C4-L4,N+E+OUT,C4-L4 -> D3-L3 -> E2-L2
NSE,2.48,3,D4-L3,S+W+IN,D4-L3 -> C5-L4 -> B6-L5
NSE,2.48,3,A1-L4,S+OUT,A1-L4 -> A2-L3 -> A3-L2
TRC,2.48,3,F6-L4,N+OUT,F6-L4 -> F5-L3 -> F4-L2
OKIE,2.47,4,C4-L3,IN,C4-L3 -> C4-L4 -> C4-L5 -> C4-L6
ACU,2.47,3,D5-L3,IN,D5-L3 -> D5-L4 -> D5-L5
AII,2.47,3,B1-L2,E,B1-L2 -> C1-L2 -> D1-L2
AII,2.47,3,D3-L3,N+E+IN,D3-L3 -> E2-L4 -> F1-L5
AII,2.47,3,D6-L5,N+W,D6-L5 -> C5-L5 -> B4-L5
AII,2.47,3,C5-L6,N+W+OUT,C5-L6 -> B4-L5 -> A3-L4
EAD,2.47,3,A3-L2,E+IN,A3-L2 -> B3-L3 -> C3-L4
EOC,2.47,3,B3-L2,S+E+IN,B3-L2 -> C4-L3 -> D5-L4
EOC,2.47,3,E4-L5,N+W,E4-L5 -> D3-L5 -> C2-L5
KIL,2.47,3,C1-L1,E+IN,C1-L1 -> D1-L2 -> E1-L3
KIL,2.47,3,B6-L4,N,B6-L4 -> B5-L4 -> B4-L4
LEC,2.47,3,A4-L5,N+E,A4-L5 -> B3-L5 -> C2-L5
NII,2.47,3,F2-L4,W,F2-L4 -> E2-L4 -> D2-L4
NII,2.47,3,C1-L5,S+E+OUT,C1-L5 -> D2-L4 -> E3-L3
NII,2.47,3,E1-L5,S+OUT,E1-L5 -> E2-L4 -> E3-L3
NII,2.47,3,D4-L5,W,D4-L5 -> C4-L5 -> B4-L5
NII,2.47,3,D3-L6,S+W+OUT,D3-L6 -> C4-L5 -> B5-L4
OED,2.47,3,C4-L3,N+W+OUT,C4-L3 -> B3-L2 -> A2-L1
TSH,2.47,3,B5-L1,IN,B5-L1 -> B5-L2 -> B5-L3
TSH,2.47,3,A2-L6,E,A2-L6 -> B2-L6 -> C2-L6
NONI,2.46,4,C1-L5,E,C1-L5 -> D1-L5 -> E1-L5 -> F1-L5
CDO,2.46,3,C2-L5,S+OUT,C2-L5 -> C3-L4 -> C4-L3
CMG,2.46,3,F1-L6,S+W+OUT,F1-L6 -> E2-L5 -> D3-L4
CNR,2.46,3,B1-L4,E+IN,B1-L4 -> C1-L5 -> D1-L6
CNR,2.46,3,D5-L4,N+OUT,D5-L4 -> D4-L3 -> D3-L2
CNR,2.46,3,F1-L6,W+OUT,F1-L6 -> E1-L5 -> D1-L4
CWC,2.46,3,C2-L1,S,C2-L1 -> C3-L1 -> C4-L1
CWC,2.46,3,C4-L1,N,C4-L1 -> C3-L1 -> C2-L1
EBS,2.46,3,A3-L2,S+E+IN,A3-L2 -> B4-L3 -> C5-L4
GAC,2.46,3,D3-L4,S,D3-L4 -> D4-L4 -> D5-L4
GOS,2.46,3,D3-L4,S+W+OUT,D3-L4 -> C4-L3 -> B5-L2
RTP,2.46,3,D6-L6,E,D6-L6 -> E6-L6 -> F6-L6
SUC,2.46,3,D5-L6,OUT,D5-L6 -> D5-L5 -> D5-L4
SUO,2.46,3,D5-L6,E+OUT,D5-L6 -> E5-L5 -> F5-L4
TBR,2.46,3,E3-L1,S+W,E3-L1 -> D4-L1 -> C5-L1
TSC,2.46,3,E3-L1,S,E3-L1 -> E4-L1 -> E5-L1
WOH,2.46,3,E4-L2,N,E4-L2 -> E3-L2 -> E2-L2
CDF,2.45,3,D5-L4,N+E,D5-L4 -> E4-L4 -> F3-L4
DOF,2.45,3,D3-L1,E+IN,D3-L1 -> E3-L2 -> F3-L3
NIG,2.45,3,D4-L3,N+W+OUT,D4-L3 -> C3-L2 -> B2-L1
OHL,2.45,3,B6-L2,N+IN,B6-L2 -> B5-L3 -> B4-L4
POK,2.45,3,E2-L6,S+W+OUT,E2-L6 -> D3-L5 -> C4-L4
SDC,2.45,3,E2-L1,S+W,E2-L1 -> D3-L1 -> C4-L1
SDC,2.45,3,E4-L1,N+W,E4-L1 -> D3-L1 -> C2-L1
ONDO,2.44,4,C4-L2,E+IN,C4-L2 -> D4-L3 -> E4-L4 -> F4-L5
CER,2.44,3,B1-L4,IN,B1-L4 -> B1-L5 -> B1-L6
CER,2.44,3,B1-L4,S+IN,B1-L4 -> B2-L5 -> B3-L6
CER,2.44,3,C2-L5,W,C2-L5 -> B2-L5 -> A2-L5
CMI,2.44,3,B1-L4,E+OUT,B1-L4 -> C1-L3 -> D1-L2
DAA,2.44,3,D3-L1,S+IN,D3-L1 -> D4-L2 -> D5-L3
DTC,2.44,3,D3-L1,E,D3-L1 -> E3-L1 -> F3-L1
FAU,2.44,3,A4-L3,N+E,A4-L3 -> B3-L3 -> C2-L3
GUA,2.44,3,D3-L4,N+W+OUT,D3-L4 -> C2-L3 -> B1-L2
IHR,2.44,3,D2-L2,W,D2-L2 -> C2-L2 -> B2-L2
IHR,2.44,3,D2-L2,E,D2-L2 -> E2-L2 -> F2-L2
SPO,2.44,3,A1-L1,IN,A1-L1 -> A1-L2 -> A1-L3
TNS,2.44,3,E3-L6,S+W+OUT,E3-L6 -> D4-L5 -> C5-L4
TNS,2.44,3,E3-L6,S,E3-L6 -> E4-L6 -> E5-L6
UIC,2.44,3,C2-L3,S+OUT,C2-L3 -> C3-L2 -> C4-L1
WOD,2.44,3,C3-L6,OUT,C3-L6 -> C3-L5 -> C3-L4
ANP,2.43,3,D4-L2,N+W+IN,D4-L2 -> C3-L3 -> B2-L4
IBU,2.43,3,A3-L4,S+E+OUT,A3-L4 -> B4-L3 -> C5-L2
MIP,2.43,3,C1-L3,E+OUT,C1-L3 -> D1-L2 -> E1-L1
SCF,2.43,3,F5-L1,N+IN,F5-L1 -> F4-L2 -> F3-L3
ACTU,2.42,4,E5-L2,IN,E5-L2 -> E5-L3 -> E5-L4 -> E5-L5
ADN,2.42,3,B2-L3,S+E+IN,B2-L3 -> C3-L4 -> D4-L5
IBE,2.42,3,B5-L4,N+OUT,B5-L4 -> B4-L3 -> B3-L2
IFI,2.42,3,A5-L2,N+IN,A5-L2 -> A4-L3 -> A3-L4
IFI,2.42,3,A3-L4,S+OUT,A3-L4 -> A4-L3 -> A5-L2
OAN,2.42,3,A1-L3,S+E,A1-L3 -> B2-L3 -> C3-L3
OIG,2.42,3,F3-L2,W+IN,F3-L2 -> E3-L3 -> D3-L4
OIG,2.42,3,F4-L5,N,F4-L5 -> F3-L5 -> F2-L5
PUA,2.42,3,F6-L6,N+W+OUT,F6-L6 -> E5-L5 -> D4-L4
RWD,2.42,3,F5-L3,N+W+OUT,F5-L3 -> E4-L2 -> D3-L1
ELIO,2.41,4,E3-L5,OUT,E3-L5 -> E3-L4 -> E3-L3 -> E3-L2
AAF,2.41,3,F1-L2,S+IN,F1-L2 -> F2-L3 -> F3-L4
DRO,2.41,3,C3-L4,N,C3-L4 -> C2-L4 -> C1-L4
DRO,2.41,3,E1-L6,W,E1-L6 -> D1-L6 -> C1-L6
GSD,2.41,3,F1-L1,S+W,F1-L1 -> E2-L1 -> D3-L1
HCI,2.41,3,F4-L3,S+W,F4-L3 -> E5-L3 -> D6-L3
MRO,2.41,3,C1-L3,S+IN,C1-L3 -> C2-L4 -> C3-L5
ROR,2.41,3,D1-L4,IN,D1-L4 -> D1-L5 -> D1-L6
ROR,2.41,3,B1-L6,E,B1-L6 -> C1-L6 -> D1-L6
ROR,2.41,3,D1-L6,W,D1-L6 -> C1-L6 -> B1-L6
ROR,2.41,3,D1-L6,OUT,D1-L6 -> D1-L5 -> D1-L4
RUC,2.41,3,D3-L2,N+W+IN,D3-L2 -> C2-L3 -> B1-L4
TCC,2.41,3,D6-L4,N+E+OUT,D6-L4 -> E5-L3 -> F4-L2
UHC,2.41,3,C2-L3,OUT,C2-L3 -> C2-L2 -> C2-L1
BUSI,2.40,4,D5-L2,W,D5-L2 -> C5-L2 -> B5-L2 -> A5-L2
AIB,2.40,3,B2-L3,S+E+OUT,B2-L3 -> C3-L2 -> D4-L1
AIB,2.40,3,D3-L3,W+OUT,D3-L3 -> C3-L2 -> B3-L1
CSN,2.40,3,B6-L3,N+E,B6-L3 -> C5-L3 -> D4-L3
CSN,2.40,3,B6-L3,N+E+IN,B6-L3 -> C5-L4 -> D4-L5
CWT,2.40,3,E5-L3,N+OUT,E5-L3 -> E4-L2 -> E3-L1
FLS,2.40,3,A4-L3,N,A4-L3 -> A3-L3 -> A2-L3
IKA,2.40,3,C3-L2,N+E+IN,C3-L2 -> D2-L3 -> E1-L4
OSB,2.40,3,F2-L1,W,F2-L1 -> E2-L1 -> D2-L1
OSB,2.40,3,C4-L3,S+W+OUT,C4-L3 -> B5-L2 -> A6-L1
SOG,2.40,3,B5-L2,N+E+IN,B5-L2 -> C4-L3 -> D3-L4
SRO,2.40,3,E2-L1,S+W+IN,E2-L1 -> D3-L2 -> C4-L3
NOMI,2.39,4,C1-L5,OUT,C1-L5 -> C1-L4 -> C1-L3 -> C1-L2
BGC,2.39,3,B3-L1,N,B3-L1 -> B2-L1 -> B1-L1
BSI,2.39,3,D5-L2,W+IN,D5-L2 -> C5-L3 -> B5-L4
BSI,2.39,3,B4-L3,S+E,B4-L3 -> C5-L3 -> D6-L3
BSS,2.39,3,D4-L1,E,D4-L1 -> E4-L1 -> F4-L1
DNI,2.39,3,C3-L4,OUT,C3-L4 -> C3-L3 -> C3-L2
DPT,2.39,3,E1-L6,S,E1-L6 -> E2-L6 -> E3-L6
EEP,2.39,3,A3-L2,N,A3-L2 -> A2-L2 -> A1-L2
FFL,2.39,3,A4-L3,IN,A4-L3 -> A4-L4 -> A4-L5
ICR,2.39,3,C4-L5,S+E+OUT,C4-L5 -> D5-L4 -> E6-L3
IFL,2.39,3,A3-L4,S,A3-L4 -> A4-L4 -> A5-L4
IFL,2.39,3,A5-L5,N+OUT,A5-L5 -> A4-L4 -> A3-L3
MNC,2.39,3,E2-L5,W,E2-L5 -> D2-L5 -> C2-L5
NEF,2.39,3,D3-L6,E+OUT,D3-L6 -> E3-L5 -> F3-L4
OHS,2.39,3,A5-L3,E,A5-L3 -> B5-L3 -> C5-L3
OVR,2.39,3,C4-L3,N+W+IN,C4-L3 -> B3-L4 -> A2-L5
EIR,2.38,3,B3-L2,E,B3-L2 -> C3-L2 -> D3-L2
EIR,2.38,3,E4-L3,N,E4-L3 -> E3-L3 -> E2-L3
EIR,2.38,3,B3-L5,S,B3-L5 -> B4-L5 -> B5-L5
ELT,2.38,3,A6-L6,OUT,A6-L6 -> A6-L5 -> A6-L4
FLT,2.38,3,A4-L4,S,A4-L4 -> A5-L4 -> A6-L4
HCS,2.38,3,F4-L3,OUT,F4-L3 -> F4-L2 -> F4-L1
LIG,2.38,3,F1-L4,S+W,F1-L4 -> E2-L4 -> D3-L4
SCT,2.38,3,C5-L4,E,C5-L4 -> D5-L4 -> E5-L4
SIV,2.38,3,D5-L6,N+W+OUT,D5-L6 -> C4-L5 -> B3-L4
SONU,2.37,4,C5-L3,N,C5-L3 -> C4-L3 -> C3-L3 -> C2-L3
LDA,2.37,3,F5-L5,N+W+OUT,F5-L5 -> E4-L4 -> D3-L3
NOP,2.37,3,A1-L4,OUT,A1-L4 -> A1-L3 -> A1-L2
ONL,2.37,3,C1-L6,S+E+OUT,C1-L6 -> D2-L5 -> E3-L4
SHR,2.37,3,E2-L1,IN,E2-L1 -> E2-L2 -> E2-L3
SSU,2.37,3,C5-L4,OUT,C5-L4 -> C5-L3 -> C5-L2
STB,2.37,3,F4-L1,N+W,F4-L1 -> E3-L1 -> D2-L1
SEPA,2.36,4,B2-L6,OUT,B2-L6 -> B2-L5 -> B2-L4 -> B2-L3
AAT,2.36,3,D4-L2,S+IN,D4-L2 -> D5-L3 -> D6-L4
AAT,2.36,3,D4-L6,S+W,D4-L6 -> C5-L6 -> B6-L6
AAT,2.36,3,C5-L6,N+E,C5-L6 -> D4-L6 -> E3-L6
CAU,2.36,3,F4-L2,S+W,F4-L2 -> E5-L2 -> D6-L2
ERO,2.36,3,A1-L6,E,A1-L6 -> B1-L6 -> C1-L6
FAW,2.36,3,A4-L3,OUT,A4-L3 -> A4-L2 -> A4-L1
IOI,2.36,3,C3-L2,S+W,C3-L2 -> B4-L2 -> A5-L2
IOI,2.36,3,A5-L2,N+E,A5-L2 -> B4-L2 -> C3-L2
OOK,2.36,3,C4-L2,IN,C4-L2 -> C4-L3 -> C4-L4
RNG,2.36,3,D1-L6,S+OUT,D1-L6 -> D2-L5 -> D3-L4
TRL,2.36,3,B6-L6,N+OUT,B6-L6 -> B5-L5 -> B4-L4
AAD,2.35,3,D5-L3,N+OUT,D5-L3 -> D4-L2 -> D3-L1
BOH,2.35,3,D2-L1,S+E+IN,D2-L1 -> E3-L2 -> F4-L3
BOH,2.35,3,B3-L1,S+IN,B3-L1 -> B4-L2 -> B5-L3
DCT,2.35,3,D3-L1,S+W,D3-L1 -> C4-L1 -> B5-L1
IRR,2.35,3,D1-L2,IN,D1-L2 -> D1-L3 -> D1-L4
IRR,2.35,3,D2-L4,E+OUT,D2-L4 -> E2-L3 -> F2-L2
LPN,2.35,3,A3-L3,N+E+IN,A3-L3 -> B2-L4 -> C1-L5
LTA,2.35,3,F5-L5,W+OUT,F5-L5 -> E5-L4 -> D5-L3
WGC,2.35,3,A4-L1,E,A4-L1 -> B4-L1 -> C4-L1
BENG,2.34,4,A3-L1,E+IN,A3-L1 -> B3-L2 -> C3-L3 -> D3-L4
IHRE,2.34,4,D2-L2,W,D2-L2 -> C2-L2 -> B2-L2 -> A2-L2
CEI,2.34,3,E5-L3,N,E5-L3 -> E4-L3 -> E3-L3
COI,2.34,3,F4-L2,N+W,F4-L2 -> E3-L2 -> D2-L2
COI,2.34,3,C2-L5,S,C2-L5 -> C3-L5 -> C4-L5
DBM,2.34,3,D3-L1,N,D3-L1 -> D2-L1 -> D1-L1
GNR,2.34,3,D3-L4,N+IN,D3-L4 -> D2-L5 -> D1-L6
IRN,2.34,3,D2-L2,E+IN,D2-L2 -> E2-L3 -> F2-L4
OBC,2.34,3,C4-L3,S+E+OUT,C4-L3 -> D5-L2 -> E6-L1
ROL,2.34,3,C5-L1,N+W+IN,C5-L1 -> B4-L2 -> A3-L3
ROL,2.34,3,F5-L3,IN,F5-L3 -> F5-L4 -> F5-L5
RTG,2.34,3,B6-L1,N,B6-L1 -> B5-L1 -> B4-L1
PRIN,2.33,4,F6-L3,W,F6-L3 -> E6-L3 -> D6-L3 -> C6-L3
ACD,2.33,3,E6-L2,N+IN,E6-L2 -> E5-L3 -> E4-L4
ACN,2.33,3,D6-L5,N+OUT,D6-L5 -> D5-L4 -> D4-L3
EAN,2.33,3,E4-L3,S+W,E4-L3 -> D5-L3 -> C6-L3
EAN,2.33,3,C4-L6,E,C4-L6 -> D4-L6 -> E4-L6
ETL,2.33,3,A6-L3,IN,A6-L3 -> A6-L4 -> A6-L5
IRT,2.33,3,B5-L4,IN,B5-L4 -> B5-L5 -> B5-L6
NUC,2.33,3,C6-L3,N+OUT,C6-L3 -> C5-L2 -> C4-L1
NUC,2.33,3,C6-L3,E+OUT,C6-L3 -> D6-L2 -> E6-L1
OCK,2.33,3,B6-L2,IN,B6-L2 -> B6-L3 -> B6-L4
UAC,2.33,3,D6-L2,N+E,D6-L2 -> E5-L2 -> F4-L2
SDCC,2.32,4,E4-L1,N+W,E4-L1 -> D3-L1 -> C2-L1 -> B1-L1
AIO,2.32,3,D3-L3,N+IN,D3-L3 -> D2-L4 -> D1-L5
CDE,2.32,3,E5-L3,N+IN,E5-L3 -> E4-L4 -> E3-L5
CII,2.32,3,F4-L2,N+W+IN,F4-L2 -> E3-L3 -> D2-L4
CII,2.32,3,B6-L3,N+IN,B6-L3 -> B5-L4 -> B4-L5
CIL,2.32,3,F1-L6,OUT,F1-L6 -> F1-L5 -> F1-L4
DSG,2.32,3,D3-L1,N+E,D3-L1 -> E2-L1 -> F1-L1
ERK,2.32,3,B2-L5,E+OUT,B2-L5 -> C2-L4 -> D2-L3
ERK,2.32,3,A4-L6,S+E+OUT,A4-L6 -> B5-L5 -> C6-L4
ERK,2.32,3,A6-L6,N+E+OUT,A6-L6 -> B5-L5 -> C4-L4
ERN,2.32,3,A3-L6,N+OUT,A3-L6 -> A2-L5 -> A1-L4
IKO,2.32,3,C4-L5,OUT,C4-L5 -> C4-L4 -> C4-L3
RCR,2.32,3,D1-L4,S+W+IN,D1-L4 -> C2-L5 -> B3-L6
RCR,2.32,3,B3-L6,N+E+OUT,B3-L6 -> C2-L5 -> D1-L4
UAN,2.32,3,E5-L5,N+W+OUT,E5-L5 -> D4-L4 -> C3-L3
MASC,2.31,4,C6-L1,N+E,C6-L1 -> D5-L1 -> E4-L1 -> F3-L1
GNA,2.31,3,F2-L5,OUT,F2-L5 -> F2-L4 -> F2-L3
KUT,2.31,3,C4-L4,S+E+IN,C4-L4 -> D5-L5 -> E6-L6
LSO,2.31,3,A3-L3,N,A3-L3 -> A2-L3 -> A1-L3
NTP,2.31,3,D4-L5,S+E+OUT,D4-L5 -> E5-L4 -> F6-L3
NTP,2.31,3,E4-L6,N,E4-L6 -> E3-L6 -> E2-L6
OER,2.31,3,B4-L2,N,B4-L2 -> B3-L2 -> B2-L2
OER,2.31,3,F5-L4,N+W+OUT,F5-L4 -> E4-L3 -> D3-L2
OSE,2.31,3,C4-L2,S+W,C4-L2 -> B5-L2 -> A6-L2
OSE,2.31,3,C4-L3,S+IN,C4-L3 -> C5-L4 -> C6-L5
OSE,2.31,3,C1-L6,S+W,C1-L6 -> B2-L6 -> A3-L6
LANAI,2.30,5,A3-L3,E,A3-L3 -> B3-L3 -> C3-L3 -> D3-L3 -> E3-L3
SAUK,2.30,4,A2-L3,E,A2-L3 -> B2-L3 -> C2-L3 -> D2-L3
CGM,2.30,3,E6-L1,W,E6-L1 -> D6-L1 -> C6-L1
CTU,2.30,3,E5-L3,IN,E5-L3 -> E5-L4 -> E5-L5
IOL,2.30,3,A5-L2,IN,A5-L2 -> A5-L3 -> A5-L4
IOL,2.30,3,F3-L5,S,F3-L5 -> F4-L5 -> F5-L5
IOL,2.30,3,D2-L6,S+W+OUT,D2-L6 -> C3-L5 -> B4-L4
NDE,2.30,3,D4-L3,N+W+IN,D4-L3 -> C3-L4 -> B2-L5
RHA,2.30,3,D3-L2,N+W,D3-L2 -> C2-L2 -> B1-L2
RHA,2.30,3,D3-L2,N+E,D3-L2 -> E2-L2 -> F1-L2
AKC,2.29,3,D6-L5,W+OUT,D6-L5 -> C6-L4 -> B6-L3
CCT,2.29,3,F4-L2,S+W+IN,F4-L2 -> E5-L3 -> D6-L4
EEO,2.29,3,A2-L2,S+E,A2-L2 -> B3-L2 -> C4-L2
EEO,2.29,3,A1-L6,E+OUT,A1-L6 -> B1-L5 -> C1-L4
EEO,2.29,3,A3-L6,N+E+OUT,A3-L6 -> B2-L5 -> C1-L4
EET,2.29,3,A6-L2,IN,A6-L2 -> A6-L3 -> A6-L4
EET,2.29,3,A4-L6,N,A4-L6 -> A3-L6 -> A2-L6
ERH,2.29,3,A2-L2,E,A2-L2 -> B2-L2 -> C2-L2
ERH,2.29,3,A4-L6,N+E,A4-L6 -> B3-L6 -> C2-L6
FAH,2.29,3,A4-L4,N+E+OUT,A4-L4 -> B3-L3 -> C2-L2
IHE,2.29,3,D1-L2,S+W,D1-L2 -> C2-L2 -> B3-L2
IRO,2.29,3,C3-L2,E,C3-L2 -> D3-L2 -> E3-L2
IRO,2.29,3,D6-L3,E+IN,D6-L3 -> E6-L4 -> F6-L5
KAW,2.29,3,C6-L4,N+E+OUT,C6-L4 -> D5-L3 -> E4-L2
LII,2.29,3,A4-L5,E,A4-L5 -> B4-L5 -> C4-L5
RRB,2.29,3,B6-L1,N+E,B6-L1 -> C5-L1 -> D4-L1
SOK,2.29,3,F4-L1,N+W+IN,F4-L1 -> E3-L2 -> D2-L3
UDI,2.29,3,C2-L3,S+IN,C2-L3 -> C3-L4 -> C4-L5
UDI,2.29,3,E5-L5,N+OUT,E5-L5 -> E4-L4 -> E3-L3
VIOL,2.28,4,A5-L1,IN,A5-L1 -> A5-L2 -> A5-L3 -> A5-L4
AAB,2.28,3,B2-L3,S,B2-L3 -> B3-L3 -> B4-L3
GWB,2.28,3,B2-L1,S+E,B2-L1 -> C3-L1 -> D4-L1
GWB,2.28,3,B4-L1,N+E,B4-L1 -> C3-L1 -> D2-L1
NGE,2.28,3,C3-L3,E+IN,C3-L3 -> D3-L4 -> E3-L5
NGE,2.28,3,A1-L4,IN,A1-L4 -> A1-L5 -> A1-L6
NGE,2.28,3,F2-L4,IN,F2-L4 -> F2-L5 -> F2-L6
TPD,2.28,3,E3-L6,N,E3-L6 -> E2-L6 -> E1-L6
AAI,2.27,3,D4-L2,N+IN,D4-L2 -> D3-L3 -> D2-L4
AAI,2.27,3,E5-L2,N+W,E5-L2 -> D4-L2 -> C3-L2
AAI,2.27,3,D4-L4,N+OUT,D4-L4 -> D3-L3 -> D2-L2
AUK,2.27,3,B2-L3,E,B2-L3 -> C2-L3 -> D2-L3
CTD,2.27,3,F3-L1,W,F3-L1 -> E3-L1 -> D3-L1
GEC,2.27,3,D3-L4,S+E+OUT,D3-L4 -> E4-L3 -> F5-L2
IGO,2.27,3,E3-L3,W+IN,E3-L3 -> D3-L4 -> C3-L5
TLE,2.27,3,A6-L4,IN,A6-L4 -> A6-L5 -> A6-L6
CIOS,2.26,4,C2-L1,S+IN,C2-L1 -> C3-L2 -> C4-L3 -> C5-L4
EIRE,2.26,4,B3-L5,S,B3-L5 -> B4-L5 -> B5-L5 -> B6-L5
RICS,2.26,4,E2-L3,W+IN,E2-L3 -> D2-L4 -> C2-L5 -> B2-L6
AIL,2.26,3,E1-L4,S,E1-L4 -> E2-L4 -> E3-L4
AIL,2.26,3,D4-L6,W+OUT,D4-L6 -> C4-L5 -> B4-L4
BRM,2.26,3,A3-L1,N+E+IN,A3-L1 -> B2-L2 -> C1-L3
BRM,2.26,3,A6-L1,E,A6-L1 -> B6-L1 -> C6-L1
IOR,2.26,3,D6-L3,W+OUT,D6-L3 -> C6-L2 -> B6-L1
IOR,2.26,3,B5-L4,N+E+OUT,B5-L4 -> C4-L3 -> D3-L2
IOR,2.26,3,F3-L5,S+OUT,F3-L5 -> F4-L4 -> F5-L3
IOU,2.26,3,C3-L2,S,C3-L2 -> C4-L2 -> C5-L2
ITL,2.26,3,D2-L6,S+E,D2-L6 -> E3-L6 -> F4-L6
KAA,2.26,3,C4-L4,S+E+OUT,C4-L4 -> D5-L3 -> E6-L2
NIF,2.26,3,F3-L6,OUT,F3-L6 -> F3-L5 -> F3-L4
NNE,2.26,3,C1-L5,S+E,C1-L5 -> D2-L5 -> E3-L5
NSO,2.26,3,C6-L3,N,C6-L3 -> C5-L3 -> C4-L3
OKO,2.26,3,E3-L2,N+W+IN,E3-L2 -> D2-L3 -> C1-L4
OKO,2.26,3,C1-L4,S+E+OUT,C1-L4 -> D2-L3 -> E3-L2
RCW,2.26,3,C5-L1,N,C5-L1 -> C4-L1 -> C3-L1
RCW,2.26,3,E6-L4,N+OUT,E6-L4 -> E5-L3 -> E4-L2
RDC,2.26,3,D1-L6,E,D1-L6 -> E1-L6 -> F1-L6
UIT,2.26,3,D6-L2,IN,D6-L2 -> D6-L3 -> D6-L4
VIO,2.26,3,A5-L1,IN,A5-L1 -> A5-L2 -> A5-L3
HOAR,2.25,4,B5-L3,N+E,B5-L3 -> C4-L3 -> D3-L3 -> E2-L3
OFFI,2.25,4,F3-L2,IN,F3-L2 -> F3-L3 -> F3-L4 -> F3-L5
EKA,2.25,3,B3-L5,S+E+OUT,B3-L5 -> C4-L4 -> D5-L3
FOC,2.25,3,F3-L3,OUT,F3-L3 -> F3-L2 -> F3-L1
FOC,2.25,3,A4-L3,E+OUT,A4-L3 -> B4-L2 -> C4-L1
KHE,2.25,3,C4-L4,S+W+OUT,C4-L4 -> B5-L3 -> A6-L2
LIO,2.25,3,E1-L3,S+W+IN,E1-L3 -> D2-L4 -> C3-L5
LIO,2.25,3,E3-L4,N+W,E3-L4 -> D2-L4 -> C1-L4
LIO,2.25,3,E3-L4,OUT,E3-L4 -> E3-L3 -> E3-L2
LIO,2.25,3,A6-L5,N+E+OUT,A6-L5 -> B5-L4 -> C4-L3
MLE,2.25,3,E2-L5,S+OUT,E2-L5 -> E3-L4 -> E4-L3
PUI,2.25,3,B2-L4,E+OUT,B2-L4 -> C2-L3 -> D2-L2
USI,2.25,3,C5-L2,W,C5-L2 -> B5-L2 -> A5-L2
BIAN,2.24,4,D4-L1,N+W+IN,D4-L1 -> C3-L2 -> B2-L3 -> A1-L4
IANA,2.24,4,E3-L3,W,E3-L3 -> D3-L3 -> C3-L3 -> B3-L3
IANA,2.24,4,D6-L3,N,D6-L3 -> D5-L3 -> D4-L3 -> D3-L3
POLA,2.24,4,E1-L1,IN,E1-L1 -> E1-L2 -> E1-L3 -> E1-L4
AIF,2.24,3,D3-L3,E,D3-L3 -> E3-L3 -> F3-L3
FDC,2.24,3,F3-L4,S+W,F3-L4 -> E4-L4 -> D5-L4
FHM,2.24,3,F3-L3,N+W+OUT,F3-L3 -> E2-L2 -> D1-L1
NRT,2.24,3,C3-L3,E+OUT,C3-L3 -> D3-L2 -> E3-L1
RHD,2.24,3,F1-L3,S+W+OUT,F1-L3 -> E2-L2 -> D3-L1
RUH,2.24,3,C2-L4,OUT,C2-L4 -> C2-L3 -> C2-L2
SEF,2.24,3,D5-L6,N+E+OUT,D5-L6 -> E4-L5 -> F3-L4
TCO,2.24,3,A6-L4,E+OUT,A6-L4 -> B6-L3 -> C6-L2
UCA,2.24,3,D5-L5,OUT,D5-L5 -> D5-L4 -> D5-L3
BELI,2.23,4,A3-L1,IN,A3-L1 -> A3-L2 -> A3-L3 -> A3-L4
AHM,2.23,3,B3-L3,N+E+OUT,B3-L3 -> C2-L2 -> D1-L1
ANR,2.23,3,D4-L4,N+W+OUT,D4-L4 -> C3-L3 -> B2-L2
COF,2.23,3,F3-L1,IN,F3-L1 -> F3-L2 -> F3-L3
COF,2.23,3,C4-L1,W+IN,C4-L1 -> B4-L2 -> A4-L3
EBI,2.23,3,B3-L2,S+IN,B3-L2 -> B4-L3 -> B5-L4
FMR,2.23,3,F3-L4,N+W+IN,F3-L4 -> E2-L5 -> D1-L6
ICN,2.23,3,D6-L3,N+IN,D6-L3 -> D5-L4 -> D4-L5
IIN,2.23,3,E3-L3,N+W+IN,E3-L3 -> D2-L4 -> C1-L5
IIN,2.23,3,E3-L3,N+IN,E3-L3 -> E2-L4 -> E1-L5
IIN,2.23,3,D2-L4,E,D2-L4 -> E2-L4 -> F2-L4
IIN,2.23,3,B5-L4,N+E+IN,B5-L4 -> C4-L5 -> D3-L6
IIN,2.23,3,B4-L5,E,B4-L5 -> C4-L5 -> D4-L5
NLA,2.23,3,F2-L4,S+W,F2-L4 -> E3-L4 -> D4-L4
NLA,2.23,3,D4-L5,N+E+OUT,D4-L5 -> E3-L4 -> F2-L3
NRO,2.23,3,B1-L3,S+E+IN,B1-L3 -> C2-L4 -> D3-L5
NSI,2.23,3,C6-L3,N+IN,C6-L3 -> C5-L4 -> C4-L5
OTE,2.23,3,E6-L5,N+OUT,E6-L5 -> E5-L4 -> E4-L3
TTO,2.23,3,D6-L4,N+E,D6-L4 -> E5-L4 -> F4-L4
UTR,2.23,3,D5-L5,E+OUT,D5-L5 -> E5-L4 -> F5-L3
ITAR,2.22,4,D6-L3,IN,D6-L3 -> D6-L4 -> D6-L5 -> D6-L6
BSO,2.22,3,D2-L1,E,D2-L1 -> E2-L1 -> F2-L1
BSO,2.22,3,A6-L1,N+E+IN,A6-L1 -> B5-L2 -> C4-L3
LTI,2.22,3,F4-L6,N+W,F4-L6 -> E3-L6 -> D2-L6
NRK,2.22,3,B4-L6,S+OUT,B4-L6 -> B5-L5 -> B6-L4
OKS,2.22,3,C3-L5,S+OUT,C3-L5 -> C4-L4 -> C5-L3
OUS,2.22,3,F5-L4,W+IN,F5-L4 -> E5-L5 -> D5-L6
PNA,2.22,3,B2-L4,S+E+OUT,B2-L4 -> C3-L3 -> D4-L2
REVA,2.21,4,B3-L6,OUT,B3-L6 -> B3-L5 -> B3-L4 -> B3-L3
EBM,2.21,3,E4-L3,S+W+OUT,E4-L3 -> D5-L2 -> C6-L1
ECN,2.21,3,A6-L3,E,A6-L3 -> B6-L3 -> C6-L3
ECN,2.21,3,B1-L5,OUT,B1-L5 -> B1-L4 -> B1-L3
ECN,2.21,3,B2-L5,E,B2-L5 -> C2-L5 -> D2-L5
ECN,2.21,3,E4-L5,S+W+OUT,E4-L5 -> D5-L4 -> C6-L3
EIB,2.21,3,B6-L5,N+OUT,B6-L5 -> B5-L4 -> B4-L3
ETE,2.21,3,A1-L6,S,A1-L6 -> A2-L6 -> A3-L6
ETE,2.21,3,A3-L6,N,A3-L6 -> A2-L6 -> A1-L6
ETE,2.21,3,C4-L6,S+W,C4-L6 -> B5-L6 -> A6-L6
ETE,2.21,3,A6-L6,N+E,A6-L6 -> B5-L6 -> C4-L6
HAF,2.21,3,C2-L2,S+W+IN,C2-L2 -> B3-L3 -> A4-L4
MCB,2.21,3,D1-L1,S+W,D1-L1 -> C2-L1 -> B3-L1
OCE,2.21,3,D1-L5,S+W,D1-L5 -> C2-L5 -> B3-L5
OCE,2.21,3,D3-L5,N+W,D3-L5 -> C2-L5 -> B1-L5
OOR,2.21,3,F3-L2,W,F3-L2 -> E3-L2 -> D3-L2
RSO,2.21,3,C5-L1,W+IN,C5-L1 -> B5-L2 -> A5-L3
SRU,2.21,3,E4-L1,N+W+IN,E4-L1 -> D3-L2 -> C2-L3
UBA,2.21,3,C5-L2,E,C5-L2 -> D5-L2 -> E5-L2
UBA,2.21,3,D6-L2,N,D6-L2 -> D5-L2 -> D4-L2
YIK,2.21,3,C6-L6,N+OUT,C6-L6 -> C5-L5 -> C4-L4
AVER,2.20,4,B3-L3,IN,B3-L3 -> B3-L4 -> B3-L5 -> B3-L6
AAV,2.20,3,B1-L2,S+IN,B1-L2 -> B2-L3 -> B3-L4
EED,2.20,3,A1-L6,S+E+OUT,A1-L6 -> B2-L5 -> C3-L4
EED,2.20,3,A3-L6,E+OUT,A3-L6 -> B3-L5 -> C3-L4
EIT,2.20,3,A4-L6,S+OUT,A4-L6 -> A5-L5 -> A6-L4
HIR,2.20,3,B5-L3,IN,B5-L3 -> B5-L4 -> B5-L5
HRP,2.20,3,F4-L3,S,F4-L3 -> F5-L3 -> F6-L3
IAI,2.20,3,C1-L2,S+W+IN,C1-L2 -> B2-L3 -> A3-L4
IAI,2.20,3,C3-L2,W+IN,C3-L2 -> B3-L3 -> A3-L4
IAI,2.20,3,E3-L3,S+W+IN,E3-L3 -> D4-L4 -> C5-L5
IAI,2.20,3,A3-L4,N+E+OUT,A3-L4 -> B2-L3 -> C1-L2
IAI,2.20,3,A3-L4,E+OUT,A3-L4 -> B3-L3 -> C3-L2
IAI,2.20,3,C5-L5,N+E+OUT,C5-L5 -> D4-L4 -> E3-L3
NTN,2.20,3,D3-L6,E,D3-L6 -> E3-L6 -> F3-L6
NTN,2.20,3,F3-L6,W,F3-L6 -> E3-L6 -> D3-L6
OAU,2.20,3,E3-L2,S+W,E3-L2 -> D4-L2 -> C5-L2
OON,2.20,3,F2-L1,S+W+IN,F2-L1 -> E3-L2 -> D4-L3
OON,2.20,3,F5-L4,N+IN,F5-L4 -> F4-L5 -> F3-L6
OON,2.20,3,D1-L5,W+OUT,D1-L5 -> C1-L4 -> B1-L3
RIH,2.20,3,B5-L5,OUT,B5-L5 -> B5-L4 -> B5-L3
UIS,2.20,3,C2-L3,E+OUT,C2-L3 -> D2-L2 -> E2-L1
UNK,2.20,3,D6-L2,W+IN,D6-L2 -> C6-L3 -> B6-L4
EIKO,2.19,4,C4-L6,OUT,C4-L6 -> C4-L5 -> C4-L4 -> C4-L3
SHIR,2.19,4,B5-L2,IN,B5-L2 -> B5-L3 -> B5-L4 -> B5-L5
AIK,2.19,3,E6-L2,W+IN,E6-L2 -> D6-L3 -> C6-L4
AIK,2.19,3,D4-L6,S+W+OUT,D4-L6 -> C5-L5 -> B6-L4
EDE,2.19,3,E4-L3,IN,E4-L3 -> E4-L4 -> E4-L5
EDE,2.19,3,E4-L5,OUT,E4-L5 -> E4-L4 -> E4-L3
EWS,2.19,3,E4-L3,OUT,E4-L3 -> E4-L2 -> E4-L1
FGC,2.19,3,F3-L4,N+IN,F3-L4 -> F2-L5 -> F1-L6
FWA,2.19,3,F3-L3,S+W+OUT,F3-L3 -> E4-L2 -> D5-L1
IIC,2.19,3,D2-L4,S+E+OUT,D2-L4 -> E3-L3 -> F4-L2
IIC,2.19,3,B4-L5,S+OUT,B4-L5 -> B5-L4 -> B6-L3
NCE,2.19,3,B1-L3,IN,B1-L3 -> B1-L4 -> B1-L5
NCE,2.19,3,C6-L3,W,C6-L3 -> B6-L3 -> A6-L3
NCE,2.19,3,C6-L3,N+E+IN,C6-L3 -> D5-L4 -> E4-L5
NCE,2.19,3,D2-L5,W,D2-L5 -> C2-L5 -> B2-L5
NRM,2.19,3,E1-L5,W+OUT,E1-L5 -> D1-L4 -> C1-L3
OAC,2.19,3,C3-L5,S+E+OUT,C3-L5 -> D4-L4 -> E5-L3
OIF,2.19,3,D1-L5,S+E+OUT,D1-L5 -> E2-L4 -> F3-L3
UPR,2.19,3,C2-L3,W+IN,C2-L3 -> B2-L4 -> A2-L5
DUT,2.18,3,E4-L4,S+IN,E4-L4 -> E5-L5 -> E6-L6
FRG,2.18,3,F3-L3,N+OUT,F3-L3 -> F2-L2 -> F1-L1
OHO,2.18,3,E1-L2,S,E1-L2 -> E2-L2 -> E3-L2
OHO,2.18,3,E3-L2,N,E3-L2 -> E2-L2 -> E1-L2
OHO,2.18,3,F3-L2,S+IN,F3-L2 -> F4-L3 -> F5-L4
OHO,2.18,3,F5-L4,N+OUT,F5-L4 -> F4-L3 -> F3-L2
RNR,2.18,3,D1-L4,W+IN,D1-L4 -> C1-L5 -> B1-L6
RNR,2.18,3,B1-L6,E+OUT,B1-L6 -> C1-L5 -> D1-L4
RTV,2.18,3,C5-L1,W,C5-L1 -> B5-L1 -> A5-L1
UDF,2.18,3,D5-L5,N+E+OUT,D5-L5 -> E4-L4 -> F3-L3
UHL,2.18,3,C5-L2,W+IN,C5-L2 -> B5-L3 -> A5-L4
ONTOP,2.17,5,B6-L2,E+IN,B6-L2 -> C6-L3 -> D6-L4 -> E6-L5 -> F6-L6
CHUR,2.17,4,C2-L1,IN,C2-L1 -> C2-L2 -> C2-L3 -> C2-L4
CREO,2.17,4,C2-L1,S+E+IN,C2-L1 -> D3-L2 -> E4-L3 -> F5-L4
SPON,2.17,4,A1-L1,IN,A1-L1 -> A1-L2 -> A1-L3 -> A1-L4
BIE,2.17,3,B4-L3,S+IN,B4-L3 -> B5-L4 -> B6-L5
HCR,2.17,3,C2-L6,OUT,C2-L6 -> C2-L5 -> C2-L4
IGI,2.17,3,F1-L5,S,F1-L5 -> F2-L5 -> F3-L5
IGI,2.17,3,F3-L5,N,F3-L5 -> F2-L5 -> F1-L5
IZE,2.17,3,A3-L4,IN,A3-L4 -> A3-L5 -> A3-L6
LSS,2.17,3,F6-L1,N,F6-L1 -> F5-L1 -> F4-L1
LSS,2.17,3,F5-L6,W,F5-L6 -> E5-L6 -> D5-L6
SUT,2.17,3,E5-L6,OUT,E5-L6 -> E5-L5 -> E5-L4
ACCOR,2.16,5,F6-L2,N,F6-L2 -> F5-L2 -> F4-L2 -> F3-L2 -> F2-L2
LANDE,2.16,5,F6-L1,N+W+IN,F6-L1 -> E5-L2 -> D4-L3 -> C3-L4 -> B2-L5
AHR,2.16,3,B1-L2,S+E,B1-L2 -> C2-L2 -> D3-L2
AHR,2.16,3,F1-L2,S+W,F1-L2 -> E2-L2 -> D3-L2
FOD,2.16,3,F3-L3,W+OUT,F3-L3 -> E3-L2 -> D3-L1
IIE,2.16,3,C4-L5,S+W+OUT,C4-L5 -> B5-L4 -> A6-L3
IIE,2.16,3,C4-L5,S,C4-L5 -> C5-L5 -> C6-L5
MGO,2.16,3,E2-L5,S+W+OUT,E2-L5 -> D3-L4 -> C4-L3
NNW,2.16,3,A5-L6,N+E,A5-L6 -> B4-L6 -> C3-L6
ORL,2.16,3,E1-L2,S+IN,E1-L2 -> E2-L3 -> E3-L4
RPE,2.16,3,C2-L4,W,C2-L4 -> B2-L4 -> A2-L4
WRI,2.16,3,C3-L1,E+IN,C3-L1 -> D3-L2 -> E3-L3
ANAN,2.15,4,D4-L2,IN,D4-L2 -> D4-L3 -> D4-L4 -> D4-L5
ANAN,2.15,4,D4-L6,OUT,D4-L6 -> D4-L5 -> D4-L4 -> D4-L3
BRR,2.15,3,D4-L1,S+W,D4-L1 -> C5-L1 -> B6-L1
CCO,2.15,3,F5-L2,N,F5-L2 -> F4-L2 -> F3-L2
GCM,2.15,3,A1-L5,E+OUT,A1-L5 -> B1-L4 -> C1-L3
GOC,2.15,3,F1-L1,S,F1-L1 -> F2-L1 -> F3-L1
GOC,2.15,3,D6-L1,W+IN,D6-L1 -> C6-L2 -> B6-L3
IBB,2.15,3,D6-L3,N+OUT,D6-L3 -> D5-L2 -> D4-L1
LFO,2.15,3,A3-L3,S,A3-L3 -> A4-L3 -> A5-L3
MIK,2.15,3,C1-L3,OUT,C1-L3 -> C1-L2 -> C1-L1
NST,2.15,3,E4-L6,S,E4-L6 -> E5-L6 -> E6-L6
ONR,2.15,3,C4-L2,N+IN,C4-L2 -> C3-L3 -> C2-L4
ORN,2.15,3,D3-L5,N+W+OUT,D3-L5 -> C2-L4 -> B1-L3
FFI,2.14,3,F3-L3,IN,F3-L3 -> F3-L4 -> F3-L5
HBA,2.14,3,B5-L3,N,B5-L3 -> B4-L3 -> B3-L3
IER,2.14,3,C4-L5,N+W,C4-L5 -> B3-L5 -> A2-L5
KIF,2.14,3,C6-L4,N+W,C6-L4 -> B5-L4 -> A4-L4
LUT,2.14,3,F4-L6,S+W+OUT,F4-L6 -> E5-L5 -> D6-L4
RHI,2.14,3,B2-L2,E,B2-L2 -> C2-L2 -> D2-L2
RHI,2.14,3,F2-L2,W,F2-L2 -> E2-L2 -> D2-L2
SCU,2.14,3,C5-L3,E+IN,C5-L3 -> D5-L4 -> E5-L5
TTA,2.14,3,F6-L4,N+W,F6-L4 -> E5-L4 -> D4-L4
UKR,2.14,3,C2-L3,E,C2-L3 -> D2-L3 -> E2-L3
WOS,2.14,3,C3-L1,S+IN,C3-L1 -> C4-L2 -> C5-L3
AOP,2.13,3,D4-L6,N+W+OUT,D4-L6 -> C3-L5 -> B2-L4
BUC,2.13,3,D4-L1,S+W+IN,D4-L1 -> C5-L2 -> B6-L3
FIO,2.13,3,F3-L3,N+W+IN,F3-L3 -> E2-L4 -> D1-L5
IAR,2.13,3,E3-L3,S+W+OUT,E3-L3 -> D4-L2 -> C5-L1
IAR,2.13,3,F1-L5,W+OUT,F1-L5 -> E1-L4 -> D1-L3
KAE,2.13,3,C4-L4,N+W+OUT,C4-L4 -> B3-L3 -> A2-L2
OTI,2.13,3,F4-L5,S+W+OUT,F4-L5 -> E5-L4 -> D6-L3
OWA,2.13,3,E3-L2,S,E3-L2 -> E4-L2 -> E5-L2
RSR,2.13,3,B1-L6,S,B1-L6 -> B2-L6 -> B3-L6
RSR,2.13,3,B3-L6,N,B3-L6 -> B2-L6 -> B1-L6
TNR,2.13,3,B5-L6,N,B5-L6 -> B4-L6 -> B3-L6
AGON,2.12,4,D3-L3,IN,D3-L3 -> D3-L4 -> D3-L5 -> D3-L6
DTR,2.12,3,E4-L4,S,E4-L4 -> E5-L4 -> E6-L4
KRA,2.12,3,D2-L3,E,D2-L3 -> E2-L3 -> F2-L3
NTO,2.12,3,D4-L3,S+E+IN,D4-L3 -> E5-L4 -> F6-L5
NTO,2.12,3,C6-L3,E+IN,C6-L3 -> D6-L4 -> E6-L5
OGI,2.12,3,C3-L5,E+OUT,C3-L5 -> D3-L4 -> E3-L3
OTB,2.12,3,F2-L1,S+W,F2-L1 -> E3-L1 -> D4-L1
RWC,2.12,3,D3-L2,S+E,D3-L2 -> E4-L2 -> F5-L2
SBE,2.12,3,C5-L4,N+W+OUT,C5-L4 -> B4-L3 -> A3-L2
SDB,2.12,3,A1-L1,S,A1-L1 -> A2-L1 -> A3-L1
BOST,2.11,4,A3-L1,S+E+IN,A3-L1 -> B4-L2 -> C5-L3 -> D6-L4
EAVE,2.11,4,B3-L2,IN,B3-L2 -> B3-L3 -> B3-L4 -> B3-L5
DBC,2.11,3,A2-L1,S+E,A2-L1 -> B3-L1 -> C4-L1
GNS,2.11,3,D3-L4,S+IN,D3-L4 -> D4-L5 -> D5-L6
ISB,2.11,3,D6-L3,N+W,D6-L3 -> C5-L3 -> B4-L3
ISB,2.11,3,B5-L4,E+OUT,B5-L4 -> C5-L3 -> D5-L2
KCS,2.11,3,C1-L1,W,C1-L1 -> B1-L1 -> A1-L1
OAP,2.11,3,B4-L2,N+IN,B4-L2 -> B3-L3 -> B2-L4
SNG,2.11,3,D5-L6,N+OUT,D5-L6 -> D4-L5 -> D3-L4
ACCO,2.10,4,F6-L2,N,F6-L2 -> F5-L2 -> F4-L2 -> F3-L2
RANE,2.10,4,D6-L6,N+W,D6-L6 -> C5-L6 -> B4-L6 -> A3-L6
SERT,2.10,4,A2-L3,IN,A2-L3 -> A2-L4 -> A2-L5 -> A2-L6
SERT,2.10,4,D5-L6,N+W,D5-L6 -> C4-L6 -> B3-L6 -> A2-L6
ATN,2.10,3,C5-L6,W,C5-L6 -> B5-L6 -> A5-L6
CCN,2.10,3,B1-L4,S+E+IN,B1-L4 -> C2-L5 -> D3-L6
FBO,2.10,3,A4-L3,E,A4-L3 -> B4-L3 -> C4-L3
FBO,2.10,3,A4-L4,E+OUT,A4-L4 -> B4-L3 -> C4-L2
FNL,2.10,3,F3-L4,N,F3-L4 -> F2-L4 -> F1-L4
GCR,2.10,3,D3-L4,N+W+IN,D3-L4 -> C2-L5 -> B1-L6
GEB,2.10,3,B2-L1,S+IN,B2-L1 -> B3-L2 -> B4-L3
ILB,2.10,3,B4-L5,OUT,B4-L5 -> B4-L4 -> B4-L3
IOA,2.10,3,D1-L2,E,D1-L2 -> E1-L2 -> F1-L2
IOA,2.10,3,D2-L4,S+IN,D2-L4 -> D3-L5 -> D4-L6
IOA,2.10,3,D2-L6,S+OUT,D2-L6 -> D3-L5 -> D4-L4
OPO,2.10,3,A1-L3,S+E+IN,A1-L3 -> B2-L4 -> C3-L5
OPO,2.10,3,C3-L5,N+W+OUT,C3-L5 -> B2-L4 -> A1-L3
RIL,2.10,3,D6-L6,N+W+OUT,D6-L6 -> C5-L5 -> B4-L4
VBS,2.10,3,B3-L4,S+OUT,B3-L4 -> B4-L3 -> B5-L2
ARIC,2.09,4,E1-L4,W+OUT,E1-L4 -> D1-L3 -> C1-L2 -> B1-L1
CIU,2.09,3,C4-L1,N+IN,C4-L1 -> C3-L2 -> C2-L3
HFA,2.09,3,F4-L3,N,F4-L3 -> F3-L3 -> F2-L3
HLN,2.09,3,F4-L3,N+W+IN,F4-L3 -> E3-L4 -> D2-L5
IKI,2.09,3,D2-L2,IN,D2-L2 -> D2-L3 -> D2-L4
IKI,2.09,3,D2-L4,OUT,D2-L4 -> D2-L3 -> D2-L2
OND,2.09,3,C4-L2,E+IN,C4-L2 -> D4-L3 -> E4-L4
OSR,2.09,3,A5-L3,E+OUT,A5-L3 -> B5-L2 -> C5-L1
RRC,2.09,3,F1-L3,S+OUT,F1-L3 -> F2-L2 -> F3-L1
RRC,2.09,3,E2-L3,S+W+OUT,E2-L3 -> D3-L2 -> C4-L1
SII,2.09,3,C5-L3,W+IN,C5-L3 -> B5-L4 -> A5-L5
SII,2.09,3,D5-L6,W+OUT,D5-L6 -> C5-L5 -> B5-L4
UNL,2.09,3,C5-L2,N+E+IN,C5-L2 -> D4-L3 -> E3-L4
ILBO,2.08,4,B4-L5,OUT,B4-L5 -> B4-L4 -> B4-L3 -> B4-L2
AAO,2.08,3,D5-L3,N+IN,D5-L3 -> D4-L4 -> D3-L5
AWC,2.08,3,D4-L2,E,D4-L2 -> E4-L2 -> F4-L2
AWC,2.08,3,D5-L3,N+E+OUT,D5-L3 -> E4-L2 -> F3-L1
BSR,2.08,3,B4-L3,S+OUT,B4-L3 -> B5-L2 -> B6-L1
BTO,2.08,3,D4-L1,N+E,D4-L1 -> E3-L1 -> F2-L1
DWR,2.08,3,D3-L1,S+E+IN,D3-L1 -> E4-L2 -> F5-L3
OGA,2.08,3,D3-L5,OUT,D3-L5 -> D3-L4 -> D3-L3
OSL,2.08,3,A1-L3,S,A1-L3 -> A2-L3 -> A3-L3
TEY,2.08,3,A6-L4,E+IN,A6-L4 -> B6-L5 -> C6-L6
TNI,2.08,3,E5-L4,N+W+OUT,E5-L4 -> D4-L3 -> C3-L2
WAK,2.08,3,E4-L2,S+W+IN,E4-L2 -> D5-L3 -> C6-L4
ALN,2.07,3,F2-L3,S+W+IN,F2-L3 -> E3-L4 -> D4-L5
ALN,2.07,3,D4-L4,N+E,D4-L4 -> E3-L4 -> F2-L4
CEF,2.07,3,C2-L1,S+W+IN,C2-L1 -> B3-L2 -> A4-L3
ELR,2.07,3,E4-L5,N+OUT,E4-L5 -> E3-L4 -> E2-L3
HTA,2.07,3,F4-L3,S+W+IN,F4-L3 -> E5-L4 -> D6-L5
IPE,2.07,3,D2-L6,E,D2-L6 -> E2-L6 -> F2-L6
KHO,2.07,3,D2-L3,E+OUT,D2-L3 -> E2-L2 -> F2-L1
KHO,2.07,3,B6-L4,N+OUT,B6-L4 -> B5-L3 -> B4-L2
KII,2.07,3,C1-L1,S+E+IN,C1-L1 -> D2-L2 -> E3-L3
MBD,2.07,3,D1-L1,S,D1-L1 -> D2-L1 -> D3-L1
NWR,2.07,3,D3-L6,W,D3-L6 -> C3-L6 -> B3-L6
RCI,2.07,3,E6-L3,N+W+IN,E6-L3 -> D5-L4 -> C4-L5
WHM,2.07,3,C3-L1,N+IN,C3-L1 -> C2-L2 -> C1-L3
BAAN,2.06,4,B4-L3,N,B4-L3 -> B3-L3 -> B2-L3 -> B1-L3
NORN,2.06,4,E4-L6,N+W+OUT,E4-L6 -> D3-L5 -> C2-L4 -> B1-L3
BLI,2.06,3,B4-L3,IN,B4-L3 -> B4-L4 -> B4-L5
HOK,2.06,3,C2-L6,S+OUT,C2-L6 -> C3-L5 -> C4-L4
IIR,2.06,3,D1-L2,S,D1-L2 -> D2-L2 -> D3-L2
IIR,2.06,3,E2-L4,W,E2-L4 -> D2-L4 -> C2-L4
IIR,2.06,3,B5-L4,N+IN,B5-L4 -> B4-L5 -> B3-L6
IIR,2.06,3,F3-L5,N+W+OUT,F3-L5 -> E2-L4 -> D1-L3
LNA,2.06,3,E3-L4,S+W+IN,E3-L4 -> D4-L5 -> C5-L6
LNA,2.06,3,F4-L6,W,F4-L6 -> E4-L6 -> D4-L6
NUK,2.06,3,E4-L6,S+W+OUT,E4-L6 -> D5-L5 -> C6-L4
OIA,2.06,3,D1-L5,S+OUT,D1-L5 -> D2-L4 -> D3-L3
RCH,2.06,3,C2-L4,IN,C2-L4 -> C2-L5 -> C2-L6
TIV,2.06,3,B5-L6,N+OUT,B5-L6 -> B4-L5 -> B3-L4
TSL,2.06,3,D6-L4,N+W,D6-L4 -> C5-L4 -> B4-L4
VTR,2.06,3,A5-L1,E,A5-L1 -> B5-L1 -> C5-L1
WAO,2.06,3,E4-L2,W,E4-L2 -> D4-L2 -> C4-L2
AFO,2.05,3,F2-L3,S+IN,F2-L3 -> F3-L4 -> F4-L5
GMR,2.05,3,D6-L1,W,D6-L1 -> C6-L1 -> B6-L1
HEF,2.05,3,C2-L6,S+W+OUT,C2-L6 -> B3-L5 -> A4-L4
IDL,2.05,3,D2-L4,S+W,D2-L4 -> C3-L4 -> B4-L4
OHI,2.05,3,F3-L2,N+W,F3-L2 -> E2-L2 -> D1-L2
OIE,2.05,3,F4-L4,N+IN,F4-L4 -> F3-L5 -> F2-L6
TNO,2.05,3,D6-L4,W+OUT,D6-L4 -> C6-L3 -> B6-L2
TNO,2.05,3,E3-L6,N+W+OUT,E3-L6 -> D2-L5 -> C1-L4
HSUS,2.04,4,B5-L3,E+IN,B5-L3 -> C5-L4 -> D5-L5 -> E5-L6
AWF,2.04,3,D5-L1,N+E+IN,D5-L1 -> E4-L2 -> F3-L3
BWV,2.04,3,A3-L1,S,A3-L1 -> A4-L1 -> A5-L1
EOM,2.04,3,A6-L3,E+OUT,A6-L3 -> B6-L2 -> C6-L1
ERL,2.04,3,C6-L5,N+W,C6-L5 -> B5-L5 -> A4-L5
GHA,2.04,3,F1-L1,S+W+IN,F1-L1 -> E2-L2 -> D3-L3
HRE,2.04,3,C2-L2,W,C2-L2 -> B2-L2 -> A2-L2
HRE,2.04,3,C2-L6,S+W,C2-L6 -> B3-L6 -> A4-L6
LBO,2.04,3,B4-L4,OUT,B4-L4 -> B4-L3 -> B4-L2
OIT,2.04,3,C1-L6,S+E,C1-L6 -> D2-L6 -> E3-L6
OLL,2.04,3,C4-L3,W+IN,C4-L3 -> B4-L4 -> A4-L5
OLL,2.04,3,F5-L4,IN,F5-L4 -> F5-L5 -> F5-L6
OUN,2.04,3,F6-L5,N+W,F6-L5 -> E5-L5 -> D4-L5
AUN,2.03,3,D3-L3,N+W,D3-L3 -> C2-L3 -> B1-L3
AUN,2.03,3,D6-L5,N,D6-L5 -> D5-L5 -> D4-L5
BGR,2.03,3,A3-L1,S+E,A3-L1 -> B4-L1 -> C5-L1
BOV,2.03,3,D5-L2,N+W+IN,D5-L2 -> C4-L3 -> B3-L4
CPN,2.03,3,F1-L6,S+W,F1-L6 -> E2-L6 -> D3-L6
CPV,2.03,3,B1-L4,S,B1-L4 -> B2-L4 -> B3-L4
CUN,2.03,3,C4-L1,S+IN,C4-L1 -> C5-L2 -> C6-L3
CUN,2.03,3,E6-L1,W+IN,E6-L1 -> D6-L2 -> C6-L3
FEH,2.03,3,A4-L4,N+E+IN,A4-L4 -> B3-L5 -> C2-L6
IEN,2.03,3,E2-L4,S+IN,E2-L4 -> E3-L5 -> E4-L6
IEN,2.03,3,A3-L4,N,A3-L4 -> A2-L4 -> A1-L4
KIE,2.03,3,C4-L4,W+IN,C4-L4 -> B4-L5 -> A4-L6
KIE,2.03,3,C4-L4,IN,C4-L4 -> C4-L5 -> C4-L6
KIE,2.03,3,C6-L4,N+IN,C6-L4 -> C5-L5 -> C4-L6
NNS,2.03,3,F3-L6,S+W,F3-L6 -> E4-L6 -> D5-L6
NRE,2.03,3,A1-L4,S+IN,A1-L4 -> A2-L5 -> A3-L6
OBL,2.03,3,B4-L2,IN,B4-L2 -> B4-L3 -> B4-L4
OFR,2.03,3,F4-L4,N+OUT,F4-L4 -> F3-L3 -> F2-L2
RMG,2.03,3,B6-L1,E,B6-L1 -> C6-L1 -> D6-L1
TCD,2.03,3,B5-L1,N+E,B5-L1 -> C4-L1 -> D3-L1
CROLL,2.02,5,F5-L2,IN,F5-L2 -> F5-L3 -> F5-L4 -> F5-L5 -> F5-L6
UNOS,2.02,4,C2-L3,S,C2-L3 -> C3-L3 -> C4-L3 -> C5-L3
BIF,2.02,3,A6-L1,N+IN,A6-L1 -> A5-L2 -> A4-L3
EER,2.02,3,A4-L6,N+E+OUT,A4-L6 -> B3-L5 -> C2-L4
ENL,2.02,3,F2-L6,S,F2-L6 -> F3-L6 -> F4-L6
ETR,2.02,3,E4-L5,S+OUT,E4-L5 -> E5-L4 -> E6-L3
ETR,2.02,3,C6-L5,E+OUT,C6-L5 -> D6-L4 -> E6-L3
IRP,2.02,3,C3-L2,N+W,C3-L2 -> B2-L2 -> A1-L2
IRP,2.02,3,D6-L3,E,D6-L3 -> E6-L3 -> F6-L3
IRP,2.02,3,D2-L4,W,D2-L4 -> C2-L4 -> B2-L4
LOF,2.02,3,F5-L5,N+OUT,F5-L5 -> F4-L4 -> F3-L3
LOF,2.02,3,F5-L6,N+OUT,F5-L6 -> F4-L5 -> F3-L4
WAF,2.02,3,A4-L1,IN,A4-L1 -> A4-L2 -> A4-L3
ZEO,2.02,3,A3-L5,N+OUT,A3-L5 -> A2-L4 -> A1-L3
ZEO,2.02,3,A3-L5,E,A3-L5 -> B3-L5 -> C3-L5
OLIO,2.01,4,F4-L4,N+W,F4-L4 -> E3-L4 -> D2-L4 -> C1-L4
RAWS,2.01,4,C2-L4,S+E+OUT,C2-L4 -> D3-L3 -> E4-L2 -> F5-L1
BWH,2.01,3,D4-L1,E+IN,D4-L1 -> E4-L2 -> F4-L3
CGE,2.01,3,C2-L5,S+E+OUT,C2-L5 -> D3-L4 -> E4-L3
DLI,2.01,3,E4-L4,N,E4-L4 -> E3-L4 -> E2-L4
EIU,2.01,3,B3-L5,S+E,B3-L5 -> C4-L5 -> D5-L5
ESN,2.01,3,A3-L2,N+IN,A3-L2 -> A2-L3 -> A1-L4
ESN,2.01,3,B6-L5,N+E+OUT,B6-L5 -> C5-L4 -> D4-L3
ILD,2.01,3,E2-L4,S,E2-L4 -> E3-L4 -> E4-L4
IOE,2.01,3,E2-L4,S+W+IN,E2-L4 -> D3-L5 -> C4-L6
LEB,2.01,3,A3-L3,OUT,A3-L3 -> A3-L2 -> A3-L1
LIR,2.01,3,B4-L4,S+E+IN,B4-L4 -> C5-L5 -> D6-L6
LLD,2.01,3,A5-L4,N+E,A5-L4 -> B4-L4 -> C3-L4
NNA,2.01,3,D4-L3,N+W,D4-L3 -> C3-L3 -> B2-L3
UCO,2.01,3,D6-L2,N+E+IN,D6-L2 -> E5-L3 -> F4-L4
WGS,2.01,3,C3-L1,N+W,C3-L1 -> B2-L1 -> A1-L1
WRE,2.01,3,C3-L6,W,C3-L6 -> B3-L6 -> A3-L6
ANCE,2.00,4,B1-L2,IN,B1-L2 -> B1-L3 -> B1-L4 -> B1-L5
RATI,2.00,4,D6-L6,OUT,D6-L6 -> D6-L5 -> D6-L4 -> D6-L3
AEE,2.00,3,A4-L2,N,A4-L2 -> A3-L2 -> A2-L2
AEE,2.00,3,D4-L4,N+E+IN,D4-L4 -> E3-L5 -> F2-L6
AEE,2.00,3,D6-L5,W,D6-L5 -> C6-L5 -> B6-L5
AHC,2.00,3,D3-L3,N+W+OUT,D3-L3 -> C2-L2 -> B1-L1
CTB,2.00,3,C4-L1,S+W,C4-L1 -> B5-L1 -> A6-L1
EEH,2.00,3,A2-L4,E+IN,A2-L4 -> B2-L5 -> C2-L6
EIF,2.00,3,A2-L4,S,A2-L4 -> A3-L4 -> A4-L4
EIF,2.00,3,C6-L5,N+W+OUT,C6-L5 -> B5-L4 -> A4-L3
EIF,2.00,3,C4-L6,W+OUT,C4-L6 -> B4-L5 -> A4-L4
EIF,2.00,3,A6-L6,N+OUT,A6-L6 -> A5-L5 -> A4-L4
ILF,2.00,3,C4-L5,W+OUT,C4-L5 -> B4-L4 -> A4-L3
KUA,2.00,3,D2-L3,W,D2-L3 -> C2-L3 -> B2-L3
PNE,2.00,3,E2-L6,S+W,E2-L6 -> D3-L6 -> C4-L6
RRA,2.00,3,F1-L3,S+W,F1-L3 -> E2-L3 -> D3-L3
RRA,2.00,3,E6-L4,OUT,E6-L4 -> E6-L3 -> E6-L2
UAA,2.00,3,D6-L2,N+IN,D6-L2 -> D5-L3 -> D4-L4
UAA,2.00,3,D6-L2,E,D6-L2 -> E6-L2 -> F6-L2
UAA,2.00,3,D5-L5,N+OUT,D5-L5 -> D4-L4 -> D3-L3
